customer_id,age,employment_type,employment_months,monthly_income,monthly_expenses,existing_debt,credit_history_months,income_stability,repayment_history,late_payment_count,transaction_count,avg_transaction,cashflow_volatility,digital_payment_ratio,account_age_months,suspicious_transaction_count,connected_accounts,device_fingerprint,loan_amount,loan_term,label,fraud_flag
1,25,salaried,118,93708.61069626262,43330.65618927922,220074.82899554024,47,0.788811988195308,0.5368692307160285,3,37,7026.592895558792,0.2879314847199829,0.6142929751368787,50,0,1,device_1,760776.0685417333,6,LOW,False
2,39,freelancer,11,51159.508852163344,29796.73009876832,0.0,43,0.4091975924478789,0.5598014020124513,0,23,7773.060025765648,0.4483275889307754,0.6273509633866546,43,0,4,device_2,452369.2734722387,12,MEDIUM,False
3,29,small_shop_owner,83,59208.38715567807,24497.790411031656,0.0,37,0.5986502775262066,0.47934236569781336,2,89,1651.5364322043813,0.2792653574766912,0.5107699869993116,37,0,1,device_3,311039.61608451774,12,MEDIUM,False
4,28,online_seller,3,57207.41027826374,31046.537682623748,0.0,13,0.6273700416833683,0.8587681052911795,0,63,2956.813112630833,0.3860728465794339,0.8484616999541061,20,0,4,device_4,319483.7805918167,12,MEDIUM,False
5,46,driver,27,29055.41708337954,15467.9188830159,69191.12042691078,9,0.6831263431403565,0.5,1,32,2900.2347905654815,0.41442816957187945,0.7218788733591297,25,1,0,device_5,265347.0819198632,18,MEDIUM,False
6,55,small_business_owner,29,164117.75729253463,98063.35325151525,0.0,117,0.8495434252883474,0.81877598053611,0,35,16810.860557402615,0.144370165964178,0.6130570602357257,117,0,2,device_6,1001746.7641826932,6,LOW,False
7,41,informal_worker,13,37666.53415629146,29074.00901331079,257967.6315881329,22,0.21915063971068122,0.6445200455051215,4,49,3560.082736323771,0.8123006498756359,0.16150547259611686,52,0,2,device_7,267713.875490299,18,HIGH,False
8,52,salaried,53,97566.9902833901,52202.83457250118,0.0,24,0.8604483548419707,0.6749505951775961,3,78,4015.602659423168,0.0,0.41218431770514374,43,0,0,device_8,789867.5550719578,18,LOW,False
9,33,freelancer,19,80214.32185830892,36734.78630554112,395995.3712006708,48,0.48076390352188775,0.6510844829734099,2,29,7600.300614939543,0.40425683872867635,1.0,48,0,0,device_9,830460.8760190558,12,MEDIUM,False
10,43,small_shop_owner,32,52642.90357344547,21406.454020874964,0.0,71,0.7706604953678462,0.719936871099993,0,91,1411.4145508269207,0.10705215096462312,0.26208636486492953,71,1,1,device_10,592071.3769670787,18,LOW,False
11,21,online_seller,17,91413.75473666866,66447.64180448934,0.0,5,0.6313517217369671,0.5,2,71,5615.293673618817,0.2455618466196374,0.9889824191372635,20,0,5,device_11,259743.01070943012,6,MEDIUM,False
12,40,driver,51,30657.004993311482,12375.583620258498,79978.89156456076,23,0.6726288269498875,0.5544403273571924,2,83,894.620502669289,0.3747544651412913,0.7737893368511106,28,1,2,device_12,174044.66209174893,24,MEDIUM,False
13,34,small_business_owner,55,89780.35515225882,58577.6820578407,0.0,119,0.7878673548190895,0.33494768353761817,2,53,6631.43570466121,0.22150918819610513,0.6062970096705034,119,0,4,device_13,1013008.4127401216,36,MEDIUM,False
14,55,informal_worker,26,27845.524449519427,15427.509066703495,197893.13087867023,11,0.25475377676553307,0.5,1,37,2501.758227032999,0.8229512027248278,0.3065163860545931,35,1,0,device_14,226943.03657586756,24,HIGH,False
15,26,salaried,38,149104.8465093837,111970.16949226719,0.0,31,0.9058208718446,0.42746451809817987,5,74,9078.662391264907,0.19955933335889026,0.915603449250029,41,1,3,device_15,438341.3201650365,6,LOW,False
16,41,freelancer,35,86262.41127969392,53228.898375023266,320831.2585975191,39,0.4960363857960381,0.761538320478024,0,90,3548.593225001551,0.6128586739006985,1.0,58,0,1,device_16,217106.72143027684,6,LOW,False
17,35,small_shop_owner,80,64224.50473624814,44342.94441514718,0.0,46,0.8143944089325326,0.9715185981407503,0,63,4223.137563347351,0.2042510225444102,0.3333251883671226,46,0,0,device_17,746705.1861507379,18,LOW,False
18,34,online_seller,3,88518.6084358544,41543.35219934529,0.0,19,0.4728180922243245,0.8142210037307368,0,42,5934.76459990647,0.36595917705822306,0.7608674068497432,35,2,2,device_18,492139.27842564136,6,LOW,False
19,31,driver,59,51524.61386625292,30382.494926183983,0.0,43,0.6943819428146228,0.9080403979367927,0,45,4050.9993234911976,0.4688591875785407,0.38547879330590507,43,1,2,device_19,544352.3112084717,18,MEDIUM,False
20,47,small_business_owner,91,60585.31211006448,39802.593834286585,0.0,24,0.7462103474263271,0.7983691564575395,0,82,2912.3849147038964,0.41239133418820817,0.41432767517597263,24,0,5,device_20,163193.38483894884,6,LOW,False
21,37,informal_worker,16,17135.65945380687,9040.606891433667,121136.29256582426,1,0.23773004801794062,0.5,0,92,589.604797267413,0.7033334762876382,0.3274403145531537,8,0,5,device_21,64676.754866095594,6,HIGH,False
22,51,salaried,32,149145.4627800606,84274.20686169954,0.0,109,0.9610370265433466,0.8876241580564969,0,36,14045.70114361659,0.017194853133931418,0.8648165277980785,109,1,0,device_22,1644407.6350622494,24,LOW,False
23,27,freelancer,22,65603.96808244893,49741.53815272212,0.0,39,0.502100384163276,0.7822093173965847,0,74,4033.09768805855,0.4160775475133768,1.0,39,0,3,device_23,649228.770537063,36,LOW,False
24,40,small_shop_owner,51,38165.73180091543,23655.56149621598,0.0,63,0.5102745628514168,0.827247667159291,0,67,2118.4084921984463,0.5310185825761456,0.3154413170794038,63,1,0,device_24,343861.4623217249,36,LOW,False
25,27,online_seller,17,35938.63998596343,28558.849837447957,0.0,7,0.5732049937357637,0.5,2,95,1803.7168318388183,0.360372261933794,1.0,38,0,4,device_25,248920.04268349562,12,MEDIUM,False
26,22,driver,10,26970.614648864306,12070.0827527646,0.0,48,0.6211341361079862,0.8694653743327073,0,49,1477.9693166650532,0.36798984904632803,0.6602567583148412,48,0,3,device_26,315523.51020997233,6,LOW,False
27,32,small_business_owner,89,61069.48471030983,37957.23218531835,477307.8076925503,54,0.7012592400781794,0.8366177268917994,0,82,2777.35845258427,0.4187819147631604,0.8724131685365722,54,1,3,device_27,500850.7514186763,36,LOW,False
28,54,informal_worker,31,28910.952148199467,15650.68060164814,0.0,7,0.24006073545559778,0.5,1,72,1304.2233834706783,0.7941148621221181,0.4814256258823829,15,0,2,device_28,321179.6267103544,6,HIGH,False
29,38,salaried,69,97641.8732661557,75486.09185181676,0.0,66,1.0,0.7724734939036815,0,26,17419.867350419252,0.029547752442318338,0.5353981197150012,66,0,4,device_29,462243.5332075988,6,LOW,False
30,45,freelancer,27,101518.99321444084,78972.26357424451,0.0,57,0.5046980593764742,0.5905680476590286,2,51,9290.854538146414,0.6013466220345727,1.0,57,0,0,device_30,884812.3332927395,12,MEDIUM,False
31,36,small_shop_owner,66,63608.99256115964,47126.15971027181,337855.4131346756,35,0.6115674634292858,0.7932751810330183,0,51,5544.254083561389,0.5373370539591621,0.5316737752720171,58,0,1,device_31,350223.1993239587,6,MEDIUM,False
32,37,online_seller,9,60623.244541661035,46174.511272969816,0.0,6,0.6944338791981811,0.5,3,89,3112.888400424931,0.403720858474827,0.9996050835595898,56,1,2,device_32,399589.4813658479,6,MEDIUM,False
33,46,driver,60,36506.30636006279,23851.77279858987,125613.58990098695,18,0.6903119327085577,0.8837660391628253,0,82,1745.2516681895029,0.3034201575641251,0.7432713480751857,33,1,1,device_33,134684.56439481527,12,MEDIUM,False
34,58,small_business_owner,31,63305.38006355834,28376.911893152126,0.0,45,0.6440974506766143,0.606218628786023,1,69,2467.557555926272,0.40736144839243965,0.7806952608863738,45,0,2,device_34,301889.2075977458,24,LOW,False
35,53,informal_worker,32,20535.63058069132,9933.900378820681,86718.53062163696,4,0.37575077100473053,0.5,2,47,1268.1574951685977,0.7887460003453979,0.16264459406654327,6,0,3,device_35,150344.1207655092,36,HIGH,False
36,26,salaried,119,107935.55398095209,53642.69684592284,390236.61169076135,52,0.8044459559399575,0.726924828228666,0,94,3424.0019263355002,0.1182315470147602,0.6473816132240696,52,1,3,device_36,795600.0293416878,36,LOW,False
37,38,freelancer,16,74532.76369837436,33616.67050368127,0.0,9,0.5538910043684658,0.5,1,30,6723.334100736254,0.5387267503846983,1.0,57,0,3,device_37,262995.6683963761,12,MEDIUM,False
38,32,small_shop_owner,42,45261.18632282181,23265.97274912414,137604.94024620403,63,0.5512874616235304,0.739407030775754,0,92,1517.3460488559222,0.4402216551268864,0.3134843004147501,63,0,4,device_38,438804.00287859293,36,LOW,False
39,39,online_seller,8,43093.06239902663,25987.01924882776,0.0,29,0.47367408434574837,0.4639704604083685,1,92,1694.8056031844192,0.4358942531438108,1.0,36,0,1,device_39,113496.34036924777,18,HIGH,False
40,28,driver,48,59648.608133648086,29935.027505818965,0.0,48,0.7506292809214441,0.5903204199626304,2,53,3388.8710383945995,0.39352758114434594,0.6556718810056963,48,1,0,device_40,561365.3681598718,12,MEDIUM,False
41,39,small_business_owner,82,136170.9669769868,97785.31433525478,0.0,64,0.6880149080634401,0.7923644910607819,0,29,20231.44434522513,0.2800793898299256,0.6434662285344619,64,0,3,device_41,785630.8084677558,24,LOW,False
42,54,informal_worker,7,28880.393570088192,17359.662516666904,0.0,2,0.4051593040671666,0.5,2,84,1239.975894047636,0.5104861997082863,0.3338616229722817,19,1,3,device_42,287078.38684707554,12,HIGH,False
43,53,salaried,32,115806.54803356621,82852.50754175048,0.0,43,0.996592200795959,0.8869911662164829,0,40,12427.876131262572,0.0,0.7107349355829088,43,2,1,device_43,1211860.2758758892,36,LOW,False
44,41,freelancer,57,50199.09298655859,23089.924744938133,0.0,47,0.6286974963849594,0.5373516005315737,2,90,1539.3283163292087,0.468658248367053,0.6412421895729422,47,1,3,device_44,394680.24446217547,6,MEDIUM,False
45,36,small_shop_owner,45,62823.87733864563,47045.63312730126,0.0,26,0.5797153780329847,0.4789214554564489,1,90,3136.375541820084,0.47931208387319413,0.6823036744712551,26,0,4,device_45,744363.1814938353,18,MEDIUM,False
46,26,online_seller,48,88722.86605121539,56473.0069344747,389849.71279968467,24,0.5555724912288695,0.6824841552825096,1,53,6393.170596355626,0.3861474486298307,1.0,35,0,2,device_46,376721.5683040405,24,MEDIUM,False
47,49,driver,9,40835.383064644266,24474.5687886138,0.0,8,0.6254256935914055,0.5,3,55,2669.9529587578695,0.3473019494338274,0.4474211744181914,8,1,1,device_47,488748.1855433877,6,MEDIUM,False
48,34,small_business_owner,105,125329.25154968639,87728.49439866643,408502.3683719495,57,0.6322433787266293,0.8290439497821089,0,76,6925.933768315771,0.3130707271493315,0.98548902595355,57,0,3,device_48,752931.8477820329,24,LOW,False
49,25,informal_worker,5,31789.209939246535,23673.877587307677,0.0,22,0.2657312405919651,0.9009189793331236,0,89,1595.9917474589445,0.6564870906489473,0.14571635431504945,22,0,2,device_49,134141.61644204264,18,MEDIUM,False
50,29,salaried,79,80796.73169292643,38089.022739253865,478031.97622411256,28,0.9098745777637335,0.7614867316918424,0,66,3462.6384308412603,0.05264334148130676,0.7351978007732629,60,0,2,device_50,885803.509743958,6,LOW,False
51,28,freelancer,49,41040.15388085888,31070.215307419014,0.0,21,0.33302208279316,0.9484132302304772,0,65,2868.019874530986,0.5853473763013554,0.5665056239714145,52,1,2,device_51,471327.0044270817,36,MEDIUM,False
52,54,small_shop_owner,91,76998.31867878685,55434.331429248334,0.0,31,0.6971822690172735,0.4226199825742387,1,50,6652.1197715098,0.37004345942410366,0.402765089959809,58,0,1,device_52,857991.3461093716,12,MEDIUM,False
53,25,online_seller,29,38242.575802309875,23774.308028597115,225957.11308891757,4,0.38704070140236735,0.5,2,62,2300.73948663843,0.6681456641285828,0.9884044601470813,53,0,1,device_53,426179.8331703493,24,HIGH,False
54,49,driver,53,39656.96837122256,16607.798492057926,118879.7025149662,18,0.6883613953816771,0.3829227429765288,1,33,3019.599725828714,0.23610031138299067,0.8011967879550201,27,0,4,device_54,164552.77469716757,6,HIGH,False
55,37,small_business_owner,49,54677.4702591927,22995.721458613036,0.0,82,0.7607566864331358,0.8751918731049859,0,49,2815.80262758527,0.3379555335797353,0.5947517264254557,82,1,3,device_55,258157.0169891374,6,LOW,False
56,43,informal_worker,22,32706.920006072614,25083.768695680257,0.0,8,0.22728628241751314,0.5,1,55,2736.4111304378466,0.7479618540273364,0.002097816629389182,25,0,6,device_56,225489.67136065717,36,HIGH,False
57,51,salaried,92,79908.8497637642,33048.5735466643,0.0,54,0.981848473463854,0.6821171603619968,4,34,5832.10121411723,0.0,0.48922601164533097,59,0,0,device_57,716214.0513659439,18,LOW,False
58,30,freelancer,8,67189.99710144529,35349.741594559084,0.0,12,0.47389727467532045,0.5,3,64,3314.0382744899143,0.5396011974066484,0.8400575398803889,49,0,0,device_58,718999.4023566335,18,MEDIUM,False
59,60,small_shop_owner,26,36169.817596771296,28054.28998520103,0.0,61,0.6082283989275424,0.8717313535270071,0,44,3825.584997981959,0.5327063450910156,0.5379741265221496,61,2,2,device_59,112297.92040481881,6,LOW,False
60,20,online_seller,36,54823.55103485436,27052.30299867066,0.0,37,0.4493884106916505,0.9291644020188077,0,45,3606.973733156088,0.42987200614371207,1.0,37,1,1,device_60,653040.939661379,24,LOW,False
61,43,driver,27,33108.509548420516,21291.907609837483,0.0,42,0.6666452208213056,0.8568165382929428,0,35,3650.0413045435685,0.2802550836785126,0.6833065225210362,49,0,0,device_61,387072.45593100594,18,MEDIUM,False
62,51,small_business_owner,76,182567.88274451386,128399.15034769494,0.0,65,0.662660073162343,0.5437076701759372,1,57,13515.700036599468,0.2996846617354304,0.8321257801995092,65,0,2,device_62,1987704.3178383405,12,LOW,False
63,42,informal_worker,12,43669.5449468926,28913.46562859972,0.0,19,0.32858653907249047,0.7893268548936526,0,71,2443.391461571807,0.5915837364736641,0.33261512548387695,38,0,0,device_63,183492.09223476535,6,HIGH,False
64,31,salaried,79,121493.28872936363,77386.74350261004,0.0,112,0.5519191171239917,0.429217713534008,3,61,7611.8108363223,0.3348992686627388,0.8230723271796045,112,1,2,device_64,1313185.4322648188,24,MEDIUM,False
65,28,freelancer,38,109747.48221961856,76538.25654284854,0.0,36,0.4629676631402703,0.5766254749401942,0,41,11200.720469685153,0.5770735397835733,0.9226629043814075,45,2,3,device_65,1054703.9264239862,6,MEDIUM,False
66,49,small_shop_owner,23,64769.661827186064,42297.74716397845,0.0,42,0.5904704467613048,0.8210521052847619,0,48,5287.218395497306,0.428938552528526,0.3455564081546939,54,0,2,device_66,694030.7656987243,12,LOW,False
67,21,online_seller,18,98144.22784241778,40222.916709317156,0.0,33,0.5867102266788068,0.7066221618748382,0,29,8321.98276744493,0.2097657492586428,0.8667200709960202,33,0,3,device_67,976348.1501232589,24,LOW,False
68,40,driver,18,49278.877902352106,25097.92030758054,0.0,48,0.7621853189426848,0.8531541796579373,0,83,1814.3074921142559,0.12311881818397125,0.8769955494071499,48,0,2,device_68,539159.8107116474,12,MEDIUM,False
69,52,small_business_owner,24,84493.19088366293,63010.23099169288,0.0,120,0.5748460575809555,0.7987687665271604,0,33,11456.40563485325,0.47082926433442285,0.6689893538733216,120,1,0,device_69,947040.111570336,24,LOW,False
70,51,informal_worker,30,33499.50943562214,14971.710487457447,0.0,1,0.2910264305712773,0.5,0,35,2566.578940706991,0.8529852909736699,0.09854115469110956,32,0,1,device_70,261956.58356818074,12,MEDIUM,False
71,46,salaried,91,84209.40639915879,49017.289973709536,0.0,83,0.8365394964706644,0.831392024490029,0,76,3869.786050556016,0.09464453451930835,0.46241457647714146,83,1,1,device_71,573050.8607908543,36,LOW,False
72,39,freelancer,34,48394.41427345399,31323.879586222483,0.0,16,0.49963974609094314,0.6491053785414055,1,80,2349.2909689666863,0.5030488378085098,0.7596220802477917,31,0,1,device_72,371446.8978256813,18,MEDIUM,False
73,45,small_shop_owner,78,72920.57330254962,34053.39968762897,0.0,74,0.5428821010217203,0.5886203474840515,1,55,3714.916329559524,0.5495812672695566,0.6717970186202307,74,2,2,device_73,798346.5822111396,6,LOW,False
74,27,online_seller,20,68331.46633076153,44923.22957652479,0.0,24,0.530204687343167,0.8682467173688659,0,89,3028.532331001671,0.4902502522659076,0.8522872994578327,24,1,2,device_74,676275.5021841126,12,MEDIUM,False
75,34,driver,50,48054.772142530666,33046.33988876287,0.0,12,0.9465010351720722,0.5,4,28,7081.358547592044,0.04383607416560573,0.5246616425708814,29,0,1,device_75,513355.91833530087,24,MEDIUM,False
76,44,small_business_owner,77,159075.3604649462,85642.03764071711,672289.4707393529,31,0.6516813537700625,0.9619732852771201,0,73,7039.071586908256,0.548492356482951,0.7618021250146944,31,1,3,device_76,1309137.0593096628,36,LOW,False
77,19,informal_worker,25,33946.806602775614,23298.711296110865,253046.12025357207,15,0.23744372984904705,0.7244380564710713,0,65,2150.6502734871565,0.733407272251604,0.2815400231891649,22,0,2,device_77,123404.74598135812,24,HIGH,False
78,55,salaried,77,95197.33829865846,67531.96844382663,0.0,80,0.7705318524279094,0.8264236124698057,0,89,4552.7169737411205,0.2771722302944027,0.38572637159800216,80,1,2,device_78,349414.12676231767,36,LOW,False
79,37,freelancer,20,53409.537303065415,39398.516154972494,0.0,23,0.46783649487826173,0.7605879391879785,0,23,10277.873779558042,0.5560424210243896,0.7509678830480523,27,0,2,device_79,172037.4146800572,18,MEDIUM,False
80,53,small_shop_owner,33,59870.94655558894,36095.829871082424,0.0,71,0.581000561281762,0.7547817842622625,0,99,2187.6260527928744,0.4642529279003714,0.5497015164789478,71,0,1,device_80,137687.3650846403,6,MEDIUM,False
81,38,online_seller,39,51555.09591138337,34509.58784051431,403133.64319876523,45,0.4561532089794152,0.8630413419655103,0,74,2798.0746897714303,0.7352499264072635,1.0,45,2,4,device_81,583061.6846771614,24,MEDIUM,False
82,30,driver,30,49133.43628610464,32602.697423048397,214378.3426556477,23,0.5423339491822334,0.7499569004299499,0,61,3206.8226973490227,0.38223846581583076,0.7507713859917027,24,1,3,device_82,426278.4433183421,24,MEDIUM,False
83,60,small_business_owner,77,171176.89129118877,98295.47560767116,0.0,56,0.7721466273785074,0.7717631940246709,0,80,7372.160670575337,0.12498593930858423,0.4355587369657197,56,0,2,device_83,748974.4412577243,36,LOW,False
84,40,informal_worker,15,26197.5537488802,16970.674154151788,125249.56824626836,20,0.4642015160136369,0.8051156701765534,0,25,4072.961796996429,0.6484101865879012,0.0,51,0,6,device_84,103684.15052568237,6,MEDIUM,False
85,31,salaried,26,60680.65874803279,30182.129959106605,458879.71865860117,91,0.9758928589786765,0.7870188216749995,0,36,5030.3549931844345,0.07941446866537145,0.44605647787069214,91,0,2,device_85,310264.88007727265,6,LOW,False
86,28,freelancer,35,88826.70266487348,50224.36229735658,242613.8439606913,50,0.40103718634296626,0.908901451769682,0,67,4497.70408633044,0.6540665438812875,0.709794853407318,50,0,2,device_86,893590.0110195591,36,LOW,False
87,35,small_shop_owner,32,65262.4598185944,50941.35288425311,366100.92306933703,51,0.6125224502647907,0.7412300400084428,0,23,13289.048578500811,0.4275967713678983,0.189609209230046,51,2,2,device_87,667383.2587191823,36,LOW,False
88,32,online_seller,28,59661.6777554134,38752.86869959077,281042.66152561695,48,0.48265093757561317,0.68463123179626,1,95,2447.549602079417,0.44385802097660687,0.9565717207968664,48,1,1,device_88,473997.91094179265,12,MEDIUM,False
89,46,driver,25,42386.84006007093,24214.74746068277,0.0,46,0.5696325432030269,0.7849647098217052,0,35,4151.099564688475,0.5932071191098269,0.4348831075744972,53,0,0,device_89,304786.723508569,36,MEDIUM,False
90,41,small_business_owner,92,60141.88453883224,37047.687502628185,0.0,78,0.6378181699493608,0.7309376003864847,0,28,7938.79017913461,0.5739674250132282,0.7841503488709938,78,2,2,device_90,458459.6708484871,18,LOW,False
91,44,informal_worker,32,43728.75853516141,21006.13571524504,0.0,3,0.3538755992446369,0.5,1,66,1909.6487013859128,0.5540570414474264,0.4375197538076141,43,6,12,device_91,220011.78389326014,24,HIGH,True
92,38,salaried,46,83680.13129197585,64833.95397530363,0.0,105,0.8295712291808811,0.8400239168112629,0,54,7203.772663922626,0.010326841048943658,0.7582867906796446,105,1,4,device_92,851403.2518952547,36,LOW,False
93,36,freelancer,33,70449.86347812641,36765.786892886594,0.0,58,0.5568441006256154,0.9163711479168184,0,54,4085.087432542955,0.40785429370182835,0.8042271736053693,58,1,0,device_93,748187.7528789935,12,LOW,False
94,33,small_shop_owner,47,85751.6454782367,60534.137753420466,261459.4908408922,69,0.8464877635857684,0.8643803161925661,0,79,4597.529449626871,0.12298976597876485,0.47616365054672505,69,0,2,device_94,262112.4964003022,36,LOW,False
95,30,online_seller,4,74857.84202831444,49412.19707587716,0.0,34,0.6040112711683128,0.7222076332195009,0,43,6894.725173378208,0.38972303321144275,0.9723001185803167,34,1,1,device_95,376740.91493391705,12,MEDIUM,False
96,30,driver,27,28536.603385372633,17229.512244846264,0.0,20,0.6111823181458771,0.6871445998118995,3,55,1879.583153983229,0.507882309332757,0.5807238778716292,38,0,2,device_96,266421.8329296108,6,MEDIUM,False
97,36,small_business_owner,34,165395.734046201,98003.2013339085,0.0,54,0.69701095260977,0.5852265267187013,1,82,7170.965951261597,0.22334502928427208,0.5977035226240507,54,0,3,device_97,1138321.4805850901,12,LOW,False
98,49,informal_worker,29,19501.459940819528,11513.803368723351,82985.14189160046,0,0.4168217721816865,0.5,3,48,1439.2254210904189,0.49688769394326365,0.3713489681807528,28,0,2,device_98,214859.67353946483,12,HIGH,False
99,43,salaried,71,101532.97181622608,76966.77446223472,0.0,72,1.0,0.8896558087916874,0,64,7215.635105834505,0.01683951924752465,0.7689958214408674,72,0,1,device_99,289157.79738664743,36,LOW,False
100,44,freelancer,35,97305.87104501459,50464.20963121985,0.0,23,0.4197507266788353,0.7487889241055761,0,49,6179.290975251411,0.6960307575235657,0.9778556231994495,23,0,0,device_100,274569.59888017975,12,MEDIUM,False
101,39,small_shop_owner,36,88232.30191647667,57339.12260793996,0.0,39,0.6996047685805816,0.7146478934490892,0,55,6255.1770117752685,0.2753119297739136,0.49625311557319746,49,0,0,device_101,1030984.5461072244,36,LOW,False
102,36,online_seller,41,85909.99341582022,60070.782134065215,0.0,21,0.6955618690081117,0.9249580741889145,0,44,8191.470291008894,0.34035907103767243,0.793278620896845,21,0,3,device_102,341466.87166850053,12,MEDIUM,False
103,31,driver,6,56042.37150732443,40707.989196507144,0.0,48,0.5159446819996172,0.6979764243335184,4,55,4440.871548709871,0.40269078239441536,0.6489412006270028,48,1,1,device_103,518941.1012371477,6,MEDIUM,False
104,52,small_business_owner,40,172667.79947854177,127132.05653607303,0.0,105,0.7030478850265665,0.23976527713935608,2,82,9302.345600200466,0.40449542128393734,0.6492978240559814,105,1,1,device_104,771270.5661052233,6,LOW,False
105,48,informal_worker,31,36793.85145339015,17720.443314049615,0.0,14,0.4287982473801938,0.5783030422051196,3,26,4089.3330724729885,0.715852146214464,0.08226525303766402,19,1,1,device_105,186031.26398954826,24,MEDIUM,False
106,27,salaried,75,138898.56856453803,104795.9575756282,772035.1918121992,74,1.0,0.43958494224593897,3,100,6287.757454537692,0.0,0.6172212781161329,74,1,3,device_106,1217401.4187345507,6,LOW,False
107,40,freelancer,25,104399.11997446159,62566.62989001645,0.0,11,0.5778361076166638,0.5,0,35,10725.707981145677,0.36704532075048285,0.7744723066212608,38,1,3,device_107,551428.5865369975,24,MEDIUM,False
108,42,small_shop_owner,78,58871.06513956314,37635.690157809535,0.0,60,0.5917319314157301,0.8692235061597446,0,76,2971.238696669174,0.5936773252176888,0.3475581719833295,60,0,3,device_108,226345.2654284565,36,LOW,False
109,29,online_seller,39,55356.480915660184,28757.1509716187,423149.1179112302,42,0.5640886246911204,0.3462361525122032,2,32,5391.965807178506,0.41641685446598375,0.7832880481798348,51,0,3,device_109,534473.9636682511,12,MEDIUM,False
110,30,driver,48,30561.785868427374,21410.06014180731,181589.9086028281,8,0.5501614560811708,0.5,1,42,3058.5800202581872,0.48001773390077573,0.5849768885280071,38,0,2,device_110,144236.26470606166,6,MEDIUM,False
111,43,small_business_owner,81,163909.73936269456,69849.5556848855,0.0,112,0.8492688568959521,0.9791921783440044,0,57,7352.584808935317,0.23913568274015287,0.6370616066709455,112,0,1,device_111,1014262.5164882249,12,LOW,False
112,36,informal_worker,30,22804.733728861534,10928.918998506084,0.0,2,0.3794264679621827,0.5,4,53,1237.2361130384245,0.49514458972089237,0.08981126348029263,53,1,1,device_112,241762.03422230785,36,HIGH,False
113,54,salaried,49,125053.28728876353,77209.81125381435,311426.71342019935,66,0.9176441555277225,0.8851981265671963,0,48,9651.226406726793,0.0765574497290541,0.7654839706236501,66,0,3,device_113,891007.9843068126,12,LOW,False
114,26,freelancer,10,104512.28937862716,74675.20963390285,335294.51797107304,9,0.4352759362011953,0.5,1,59,7594.089115312154,0.5588358828085322,0.9742900720184144,41,0,4,device_114,680625.147937908,36,MEDIUM,False
115,56,small_shop_owner,27,89174.43108774813,68101.4502715752,0.0,71,0.5938956574530004,0.8229503599865452,0,71,5755.052135626073,0.4055646049108461,0.33604636056916853,71,2,2,device_115,693414.460200594,36,LOW,False
116,34,online_seller,8,74420.76922852127,57008.99041310143,386852.048385833,41,0.5052678104341249,0.7093945065389171,0,75,4560.719233048114,0.5603682765487299,0.8997837001840189,50,0,2,device_116,476533.61350008775,18,MEDIUM,False
117,22,driver,11,46535.43087744307,36616.43385262867,0.0,17,0.6524219456672758,0.9297543060407013,0,93,2362.350571137333,0.390408764053489,0.42164830764299477,40,0,4,device_117,433475.90538814745,6,MEDIUM,False
118,51,small_business_owner,58,78111.79161463733,48141.664284226164,489093.6081204403,97,0.7270974538846192,0.5717625234087788,3,42,6877.380612032309,0.2610956934162729,0.6818725761843023,97,1,1,device_118,428006.85358536424,36,LOW,False
119,35,informal_worker,12,28510.52936716238,18485.412610066505,0.0,18,0.3763591100619856,0.8378543787051267,0,82,1352.5911665902322,0.7461541247548018,0.06444472089048078,18,1,1,device_119,106880.6822380923,24,MEDIUM,False
120,35,salaried,65,137016.35330152075,70112.69780234281,802544.7161216037,97,0.9586693801475275,0.9468573703056912,0,40,10516.904670351421,0.053915316814408275,0.7770861774488372,97,2,3,device_120,1041928.0215924733,24,LOW,False
121,31,freelancer,48,48879.157537078485,36455.319363104914,0.0,31,0.3295121445867676,0.3872832755934436,1,90,2430.3546242069942,0.6641432490188178,0.8497970495853522,31,0,5,device_121,568371.906291678,24,MEDIUM,False
122,44,small_shop_owner,53,74966.90456386778,38428.67095125821,0.0,26,0.688866275355096,0.6278969698315724,0,71,3247.493319824637,0.2465565895812471,0.11721999219683243,58,0,1,device_122,707082.7451460129,36,MEDIUM,False
123,20,online_seller,45,33369.99851848474,25258.45262377807,0.0,37,0.6450307591973576,0.8598891559341338,0,26,5828.873682410324,0.3380870684836413,0.9624683698485019,37,2,0,device_123,344169.32647055533,36,MEDIUM,False
124,46,driver,37,45964.247786202366,33632.71668632975,0.0,43,0.6765155527298887,0.6995900504453644,2,26,7761.39615838379,0.5922378838398072,0.7328704706402579,43,0,4,device_124,327432.65185029863,18,MEDIUM,False
125,59,small_business_owner,60,65633.72042125215,43376.65004968715,0.0,80,0.6743412069817826,0.76972832910219,0,82,3173.9012231478405,0.3151057878179867,0.5723465023924356,80,0,1,device_125,223170.4655530302,6,LOW,False
126,33,informal_worker,11,20882.931382151786,13455.123878405138,0.0,9,0.09321452735640073,0.5,1,90,897.0082585603426,0.8862919688622748,0.20103023824085556,29,0,1,device_126,64324.806874467846,6,HIGH,False
127,51,salaried,38,111484.37790323707,67455.52816102214,0.0,71,0.8422469906492447,0.7929125654595178,0,39,10377.773563234176,0.06913097498981473,0.7402992140025658,71,0,5,device_127,529251.4879359835,18,LOW,False
128,30,freelancer,32,72881.68602124366,55611.962455598674,0.0,59,0.31420079583755955,0.5909148851383554,2,80,4170.8971841699,0.6374930989940965,0.8220189517978325,59,0,0,device_128,585819.6782716061,24,MEDIUM,False
129,52,small_shop_owner,36,56111.13856747387,32684.43541640753,0.0,88,0.6342815162402623,0.697432171040352,0,37,5300.178716174194,0.34323288557892984,0.3024996128764811,88,2,2,device_129,469143.01115802885,6,MEDIUM,False
130,33,online_seller,24,91158.90154264416,62862.19601016202,248257.6399517749,35,0.6258938600121948,0.5900522046100409,2,20,18858.658803048605,0.17816711737873078,1.0,35,1,4,device_130,461549.82384834776,18,MEDIUM,False
131,40,driver,48,52943.31191814234,38594.03047028841,0.0,34,0.7933422419825169,0.6531030708101256,3,77,3007.327049632863,0.18133226701496208,0.41783110788710076,37,0,2,device_131,119359.51073936633,24,LOW,False
132,47,small_business_owner,93,101090.62498719375,43336.00985992599,0.0,72,0.8395683810789956,0.695750108097121,1,61,4262.558346877966,0.15779104322511173,0.642024173822941,72,1,1,device_132,713148.9876998184,12,LOW,False
133,33,informal_worker,25,16169.880377247347,6668.172725358485,0.0,7,0.34092583875972426,0.5,1,72,555.6810604465404,0.4786960190624579,0.1467519073830068,7,1,4,device_133,191453.5121419945,18,HIGH,False
134,47,salaried,72,90634.83938290551,55882.09236621483,0.0,61,0.7513722970049707,0.9005853889001469,0,39,8597.244979417666,0.22671210102372316,0.8841581315708766,61,0,1,device_134,233518.47230002563,6,LOW,False
135,40,freelancer,27,117313.39086931258,73096.04175777982,0.0,12,0.4134960773651007,0.5,2,76,5770.740138772091,0.7939121896098967,0.6620923112620365,12,0,4,device_135,962744.6364065906,36,MEDIUM,False
136,28,small_shop_owner,30,37170.27430899946,21938.58038757702,0.0,64,0.4724167913430062,0.5109980907880144,3,39,3375.166213473388,0.4914069017733125,0.4420182083454174,64,1,2,device_136,246318.34018162868,24,MEDIUM,False
137,28,online_seller,24,90448.32657601815,57479.24302213922,0.0,42,0.5890522897565001,0.7324570489919675,0,30,11495.848604427843,0.43499483517652054,0.5870382128882357,57,0,5,device_137,699643.9921725859,18,LOW,False
138,49,driver,40,56258.157181839524,23908.762520344284,0.0,27,0.6295545020314776,0.5683463808971695,1,100,1434.525751220657,0.5661518620226866,0.563787838436969,48,1,0,device_138,280950.7550653127,24,LOW,False
139,31,small_business_owner,103,91813.98086218294,44463.85695290132,711070.6463033583,32,0.6468443062756943,0.7442217801811937,0,56,4763.984673525141,0.4256652724091054,0.6774267430672437,32,1,6,device_139,631338.4655709007,6,LOW,False
140,24,informal_worker,7,27213.194673768827,11603.813365096943,111381.51593025426,14,0.22550973551935508,0.7658277371683567,0,58,1200.3944860445115,0.7775093432016604,0.29129111635351107,60,0,0,device_140,190662.24600167075,6,MEDIUM,False
141,50,salaried,31,64520.34103175764,27689.596924614332,0.0,49,0.9937570137626559,0.6968438466030292,4,75,2215.1677539691464,0.0,0.6801224980687155,49,7,10,device_41,221224.73957210593,12,LOW,True
142,40,freelancer,49,79735.63382543573,40960.963522064834,223496.60373647758,56,0.5889916332565168,0.6594601441960124,0,42,5851.566217437833,0.34838936352132654,0.8023068472058159,56,0,1,device_142,828723.1344717863,36,MEDIUM,False
143,43,small_shop_owner,75,40604.08134363074,22092.41947413528,147082.588658035,86,0.7125587771040344,0.5473461772899126,4,79,1677.9052765166036,0.2808864622178651,0.6972537709600044,86,0,2,device_143,148997.9306478781,18,LOW,False
144,20,online_seller,32,97623.3253590074,68767.34606686386,0.0,21,0.6736130721806218,0.7153084632180806,0,40,10315.101910029578,0.3879640427964923,1.0,21,0,3,device_144,642068.2254295646,24,MEDIUM,False
145,40,driver,25,37943.46395955118,15971.997912454448,0.0,43,0.5279287574085841,0.4642340170936248,2,52,1842.9228360524364,0.44476926651881393,0.6547688117974515,43,1,1,device_145,323141.6255819035,18,MEDIUM,False
146,42,small_business_owner,85,146724.89060334707,81880.17191865847,921320.9927698714,37,0.8125434784414769,0.7745888658248916,0,93,5282.591736687643,0.013071709895233319,0.6178527609080962,37,1,1,device_146,321808.22652676294,36,LOW,False
147,36,informal_worker,2,29785.9375334234,16731.234676224187,0.0,21,0.20056506253914874,0.8062165152820358,0,21,4780.352764635482,0.801681526742056,0.2820678672762815,39,1,4,device_147,64619.89594423132,6,MEDIUM,False
148,48,salaried,87,70818.65062085187,35850.747391617384,0.0,118,0.9591814133741379,0.5167642501025858,0,56,3841.1515062447193,0.1396855035616624,0.49728313526620427,118,2,4,device_148,356158.13291968947,12,LOW,False
149,33,freelancer,20,99795.55252773552,58831.86645831206,234226.8178149234,46,0.3356811188845833,0.773600134979984,0,52,6788.292283651393,0.5981057965686568,0.7103287420271961,46,0,3,device_149,1009056.5529443765,12,MEDIUM,False
150,30,small_shop_owner,51,72077.16625448345,36324.15226149488,293437.1897173041,68,0.7578106807911514,0.6406513473250922,1,66,3302.195660135898,0.15867502904584624,0.713430808254216,68,0,2,device_150,504975.20076602686,12,MEDIUM,False
151,29,online_seller,23,49229.267053352436,35582.23468276808,234232.32206728836,29,0.572462578538902,0.22731832024244839,1,36,5930.372447128014,0.3846129794312318,1.0,53,1,5,device_151,313588.4056731961,36,MEDIUM,False
152,33,driver,39,46782.01426160362,37073.39592567467,0.0,35,0.6657054581409442,0.8533570941087015,0,41,5425.375013513366,0.3369626475701094,0.6858139167607382,35,2,2,device_152,393256.71505304595,24,MEDIUM,False
153,39,small_business_owner,119,134762.79686791345,95499.75901197565,0.0,67,0.7472406277880377,0.7071606029291019,0,79,7253.1462540741,0.12771859881499056,0.690677298953305,67,0,2,device_153,847256.427446414,12,LOW,False
154,32,informal_worker,26,34873.02035103204,15602.22590216843,0.0,17,0.2513420109326192,0.873826237142047,0,70,1337.333648757294,0.5883319423857858,0.0,17,1,2,device_154,153580.40251907654,18,MEDIUM,False
155,39,salaried,71,77243.36511613432,32100.178594902627,0.0,98,0.7473729003277788,0.7075233265155367,0,53,3633.9824824418065,0.23368573257406622,0.715884167967285,98,0,3,device_155,427194.7332600322,24,LOW,False
156,33,freelancer,12,111527.54420266006,65860.83950148195,555991.4755221762,49,0.6411050901059224,0.8816032885428887,0,23,17181.088565603986,0.39525809815657437,0.7450652691022608,49,0,0,device_156,1272288.9603612074,36,LOW,False
157,42,small_shop_owner,94,62880.6240879009,46175.1520255052,0.0,20,0.7265629535585632,0.5354615592918005,1,79,3506.9735715573574,0.34749613325174156,0.1332118623990225,47,0,0,device_157,206164.69078569365,18,MEDIUM,False
158,23,online_seller,11,83588.27253611025,65970.47808863164,0.0,5,0.48242919208383883,0.5,1,58,6824.532216065343,0.5209860496649636,0.7955097993641379,34,0,3,device_158,787314.8687858628,6,HIGH,False
159,50,driver,40,54694.88826816836,28994.747711094762,0.0,11,0.4774193271209404,0.5,2,67,2596.5445711428147,0.45482420764549414,0.7175085763923893,45,2,3,device_159,407201.77994177013,36,MEDIUM,False
160,53,small_business_owner,117,156398.12427089142,99079.63685748051,0.0,43,0.7480304653013299,0.9119234957079076,0,32,18577.431910777595,0.3312630200479808,0.5424043092071472,56,0,4,device_160,1429989.7079986823,24,LOW,False
161,35,informal_worker,3,28851.484314393572,19953.467992098536,0.0,22,0.3230070759191402,0.660022940558839,1,76,1575.2737888498846,0.6152676054261675,0.35873105704158614,31,0,3,device_161,284534.969069762,12,HIGH,False
162,28,salaried,111,126099.95388680323,92758.9912892782,0.0,59,0.8706033052335818,0.9233390791805413,0,65,8562.368426702602,0.09369377468575729,0.728981113407129,59,1,3,device_162,1261003.929370429,24,LOW,False
163,25,freelancer,60,84216.56605748362,62835.52139875859,0.0,58,0.4003608310832933,0.8719251655173418,0,47,8021.555923245777,0.49842968033694895,0.9589904576069933,58,0,4,device_163,736069.562489713,36,LOW,False
164,31,small_shop_owner,54,37850.9689515851,19785.104198068213,0.0,43,0.422376476710168,0.9376782728533541,0,92,1290.3328824827095,0.6888923607888245,0.2972190703210892,43,1,2,device_164,97120.15704231424,6,LOW,False
165,37,online_seller,16,56174.47329089695,37557.78431723888,325457.6482927643,40,0.5660018225852788,0.5646206886909839,1,49,4598.91236537619,0.3845200828380329,1.0,40,0,1,device_165,657621.3833239919,12,MEDIUM,False
166,41,driver,6,28965.622665461247,19749.392149993644,0.0,20,0.8013597974652779,0.8510157888151904,0,38,3118.325076314786,0.032515886264079946,0.5874843045314458,20,0,3,device_166,80228.82729084365,36,MEDIUM,False
167,35,small_business_owner,38,61337.54207811005,26793.881884379465,0.0,108,0.6916615724725707,0.5332226803213592,0,36,4465.646980729911,0.4331141109350509,0.7784867095861752,108,1,3,device_167,187635.10149553587,18,LOW,False
168,33,informal_worker,21,19644.858377931596,12475.159840299748,121932.44496881319,0,0.2785089644849922,0.5,2,26,2878.8830400691727,0.7491703804475367,0.0,11,0,3,device_168,171393.62924041357,24,HIGH,False
169,48,salaried,32,147930.62589950493,103455.83646420152,0.0,72,0.8135608929085819,0.9288845697881215,0,66,9405.076042200139,0.14253851200429524,0.962437585630813,72,1,1,device_169,590643.1077663978,36,LOW,False
170,38,freelancer,20,110197.60373235855,56015.92486303679,384078.16825697693,45,0.42162343344136033,0.40064005744567993,1,86,3908.0877811421014,0.5482962353369468,0.8749527665454401,45,1,1,device_170,1039032.8120579389,24,MEDIUM,False
171,29,small_shop_owner,19,75585.4566344714,41454.47901946923,0.0,73,0.5236713895821419,0.5777372013083335,4,74,3361.1739745515592,0.7127158598797942,0.19920913004151272,73,1,3,device_171,774556.8552796007,6,MEDIUM,False
172,34,online_seller,7,50466.81772885352,26263.86210676162,0.0,8,0.5112869350210486,0.5,1,38,4146.925595804466,0.4841719431857276,1.0,8,0,3,device_172,181424.30488607884,12,MEDIUM,False
173,42,driver,43,30616.191499492925,22216.647757683164,0.0,38,0.7290371896051712,0.8102011564296571,0,68,1960.292449207338,0.2097391369440538,0.6149408634782161,41,0,1,device_173,314904.5515336803,36,MEDIUM,False
174,46,small_business_owner,101,168393.92724795284,131536.8759607319,666916.613604413,79,0.7548883835317364,0.6000769953293033,0,34,23212.389875423276,0.24601543511949436,0.7597315108935356,79,0,2,device_174,1747774.673648356,36,MEDIUM,False
175,31,informal_worker,28,40762.92838048417,26260.240811245974,0.0,14,0.26105984569698015,0.929005105075625,0,72,2188.3534009371647,0.7924180088835208,0.13739497795923736,24,0,0,device_175,374505.1724287685,24,HIGH,False
176,48,salaried,36,125916.09441525412,54574.77210642166,0.0,52,0.7754282623553616,0.8405158937108559,0,52,6297.0890892025,0.09872124657710499,0.7158624219166528,52,1,0,device_176,744205.5055156406,12,LOW,False
177,37,freelancer,10,58736.269674106734,33262.93931137289,0.0,11,0.6021383295429399,0.5,3,31,6437.988253814106,0.6067059477440526,0.8000668241281318,30,0,3,device_177,473201.6432697805,6,MEDIUM,False
178,51,small_shop_owner,28,41446.214812412836,28052.01914119793,134182.6461182301,83,0.5104653677636976,0.7188157247866351,0,91,1849.583679639424,0.5072101115665074,0.355048502798982,83,1,3,device_178,187864.24576016824,18,LOW,False
179,33,online_seller,25,30698.514366091455,22546.43427589703,0.0,45,0.5780636404490137,0.8570884606498,0,74,1828.0892656132726,0.544293247792849,0.9141630737023957,58,0,3,device_179,180453.87666078281,6,LOW,False
180,41,driver,25,53123.818081191115,22672.684825064764,385896.8713564593,25,0.6457176618688425,0.6670183682392671,1,84,1619.477487504626,0.35870913546606886,0.7800118434640292,25,0,3,device_180,292457.527133782,12,MEDIUM,False
181,37,small_business_owner,37,105879.99106393263,62013.42455418203,0.0,68,0.6813228085804708,0.4668110175108642,2,67,5553.441004852122,0.4154778389135926,0.6402800979697213,68,0,5,device_181,360335.5694516654,18,MEDIUM,False
182,45,informal_worker,36,35134.724201390665,16441.378598415213,0.0,24,0.44033699701251905,0.7530770226414928,0,98,1006.6150162295029,0.6059814825142394,0.28121113533088826,46,1,2,device_182,236780.3620224396,36,LOW,False
183,54,salaried,108,124475.7400762289,65415.825714289516,0.0,118,0.8152366071380915,0.7336337460973409,0,23,17064.99801242335,0.04420669094404425,0.4941438099550891,118,6,8,device_83,989959.6261136609,18,LOW,True
184,31,freelancer,27,61170.802154028584,43505.292149308065,401592.9217060343,28,0.604451398624346,0.7452184765891079,0,38,6869.256655153906,0.3416644157563801,0.7309885618799753,39,0,0,device_184,660146.593832334,24,LOW,False
185,29,small_shop_owner,23,48386.817577019174,32261.37626073487,190555.22666239057,79,0.5461962756862577,0.7903666551980219,0,73,2651.619966635743,0.5269907947425718,0.3296276454961285,79,0,0,device_185,142701.40409181,18,LOW,False
186,29,online_seller,23,99922.48284233034,72210.58310516397,0.0,39,0.6661398787431406,0.6692443805533435,0,26,16663.9807165763,0.2834811628464657,1.0,39,0,2,device_186,214215.26366851883,12,MEDIUM,False
187,23,driver,49,51752.36852527496,21507.001245815332,363442.2779259475,8,0.7834903247843444,0.5,4,74,1743.8109118228647,0.279484663055523,0.6217331749645336,34,1,2,device_187,412389.7199275235,36,MEDIUM,False
188,38,small_business_owner,51,189227.31471709273,115631.32187477741,0.0,120,0.6793519014823153,0.6265306147074255,1,64,10840.436425760383,0.3755796629735076,0.8931236150625429,120,1,2,device_188,1685795.826071976,6,MEDIUM,False
189,55,informal_worker,32,35914.07417675428,16609.635388584753,0.0,16,0.1688317249533216,0.9259296684022922,0,25,3986.3124932603405,0.8685176019868507,0.4980591667549162,17,1,0,device_189,351635.6291447025,24,MEDIUM,False
190,26,salaried,24,114872.76826373543,82837.55309576924,0.0,38,0.9846518091727338,0.89359128776799,0,47,10575.006778183308,0.32154288736788816,0.7361982902375172,52,0,3,device_190,289467.14434664056,12,LOW,False
191,31,freelancer,26,42539.50122983909,27341.78721654518,309935.9160008576,13,0.41925645985303855,0.8803183227612912,0,75,2187.3429773236144,0.6430146625369882,0.7750296307647158,14,1,2,device_191,466813.9659739678,12,MEDIUM,False
192,42,small_shop_owner,76,69244.6793479262,51168.71395345749,0.0,83,0.5966387435296286,0.840559575534117,0,65,4723.265903396075,0.38371459812756165,0.45146005133889033,83,1,1,device_192,284452.3659517182,24,LOW,False
193,21,online_seller,30,46055.60439263706,20282.484853021328,0.0,4,0.37701021682731534,0.5,1,29,4196.3761764871715,0.5998987578045292,0.9407353700209806,58,0,2,device_193,199193.2487456884,18,MEDIUM,False
194,40,driver,31,29538.764237848238,19779.088099976074,0.0,48,0.5730003933802543,0.48286946534089126,2,57,2082.009273681692,0.37125730130891355,0.5952841244437835,48,0,2,device_194,230608.86199352972,24,MEDIUM,False
195,40,small_business_owner,45,125826.31405847959,64102.99168612906,0.0,103,0.7349800024567907,0.6428387721439355,1,66,5827.544698739006,0.18171439184313337,0.4221209179304695,103,11,11,device_95,498799.6875512867,24,MEDIUM,True
196,33,informal_worker,28,43543.34476989276,27507.45372877603,0.0,18,0.3261950349341313,0.8225770541002775,0,30,5501.490745755205,0.7398773045122435,0.4215401639177412,28,0,1,device_196,208417.1991893557,18,HIGH,False
197,32,salaried,66,79683.8820291225,40980.06805817617,602628.696421129,111,0.9441986006395031,0.8618850354917357,0,85,2892.7106864594944,0.07785554206188357,0.6201531601105315,111,0,3,device_197,695452.7257403558,6,LOW,False
198,28,freelancer,55,57640.34107485176,28812.537866639872,0.0,28,0.5408607307701767,0.6214211417629312,1,38,4549.348084206295,0.5820373194787295,0.6928179487293695,28,0,1,device_198,283279.74678740493,6,LOW,False
199,40,small_shop_owner,34,46414.75149131369,27256.024129749003,222688.53121551033,89,0.6292192728326373,0.7264101319906512,0,29,5639.177406154967,0.24938655655162434,0.32106282152238685,89,1,0,device_199,187723.70698995513,24,LOW,False
200,38,online_seller,40,53828.80892799818,41138.25203547042,0.0,31,0.7910048649407134,0.8432174630151161,0,92,2682.9294805741574,0.20917973058238715,0.6373830590752116,44,1,0,device_200,349369.838257741,36,LOW,False
201,42,driver,26,33311.74948632901,17069.603342833514,0.0,12,0.6749178671713898,0.5,1,80,1280.2202507125135,0.23573280943984937,0.532498071300628,31,1,2,device_201,255095.23316114795,18,MEDIUM,False
202,48,small_business_owner,31,189371.70758175311,77199.6858360606,0.0,69,0.6360008183222551,0.48769039845918905,1,59,7850.815508751924,0.3777836321658233,0.6137628726672559,69,1,2,device_202,1984822.3556711485,24,LOW,False
203,41,informal_worker,19,43414.84388700743,22184.371856569935,0.0,2,0.33313416467793405,0.5,2,31,4293.74939159418,0.7202059204458222,0.3486887987288133,42,4,8,device_3,126927.86686678545,36,HIGH,True
204,39,salaried,98,74651.18902856065,58767.696789729736,0.0,82,0.7904599096990763,0.9442168067908632,0,25,14104.247229535136,0.2105281512839,0.8808991774820223,82,1,3,device_204,154436.8586350247,36,LOW,False
205,32,freelancer,44,56995.78217563784,31972.496670709865,0.0,36,0.40510834791751626,0.7259927953882912,0,27,7104.999260157748,0.4842623008413203,0.7246587238238171,36,0,2,device_205,532868.2994849302,6,MEDIUM,False
206,49,small_shop_owner,22,64230.020280411794,33398.12220205546,0.0,76,0.5937335476467437,0.7583221748745769,0,25,8015.549328493311,0.38243263512189923,0.5367044083262082,76,0,6,device_206,385071.0369250665,24,LOW,False
207,36,online_seller,36,52875.62941004442,33350.93060690633,252951.2047719814,42,0.5377291066404276,0.722991833655406,0,67,2986.6505021110147,0.39432680106640106,0.9608055291925617,42,0,0,device_207,196974.3446380883,24,MEDIUM,False
208,32,driver,49,44879.10040606282,32649.370148624184,354607.8693155501,41,0.6834176417244897,0.7327103429430238,0,100,1958.9622089174509,0.36164791380897576,0.5379591699867533,44,0,2,device_208,250967.8550378474,18,LOW,False
209,33,small_business_owner,95,173532.83399177284,93764.5873012591,0.0,110,0.6906363811260828,0.8887438484840613,0,52,10818.990842452975,0.4132015039758488,0.5897583566040993,110,0,2,device_209,1749915.056837899,36,LOW,False
210,39,informal_worker,6,39708.7083224692,20700.719720209447,0.0,18,0.22077910938153078,0.37996090103436975,2,64,1940.6924737696356,0.9749383439824331,0.22408660244234618,22,0,1,device_210,245267.5857731285,24,HIGH,False
211,47,salaried,34,70472.26366480463,46843.695406017,0.0,51,0.9610216169589223,0.6441509507670914,4,62,4533.260845743581,0.0,0.6567176956186442,55,0,2,device_211,419492.7142599566,12,LOW,False
212,45,freelancer,49,54542.309377388956,22731.384838058955,246263.83137372078,39,0.5317453261250176,0.6802952069892523,3,74,1843.0852571399153,0.5700703986398576,0.8337896175871324,39,1,3,device_212,508059.6832578476,18,MEDIUM,False
213,47,small_shop_owner,35,80345.93346825021,49502.62506584023,0.0,39,0.6234024454353148,0.8736102945502825,0,82,3622.1432975005046,0.37093870567469567,0.5828456184690495,39,4,6,device_13,699887.9284387785,12,LOW,True
214,24,online_seller,7,48614.99154424832,38703.995247669,0.0,21,0.5025654558096527,0.7918306696194505,0,32,7256.999108937938,0.5417847162487998,0.7772197423119839,35,0,2,device_214,175123.64545494624,36,MEDIUM,False
215,50,driver,39,51504.90423964252,39101.79495444892,0.0,5,0.5290523064581195,0.5,0,99,2369.805754815086,0.3869005999732874,0.5662881569227523,11,0,2,device_215,223434.8842638629,36,MEDIUM,False
216,35,small_business_owner,47,188969.56969342774,107306.55026160399,0.0,112,0.6641970620253014,0.28981031808826296,0,41,15703.39759925912,0.2681358576498972,0.7506889363689735,112,0,3,device_216,898057.4354202047,24,MEDIUM,False
217,41,informal_worker,16,42127.29874222695,23165.329255626864,0.0,14,0.39344277832313074,0.661284571612244,2,77,1805.0905913475478,0.5954906848211363,0.0655036659027188,17,3,7,device_17,325221.00992220786,36,HIGH,True
218,55,salaried,84,73850.99142243963,33949.28509284836,266531.64043716586,118,0.9714318935873654,0.9044193789881653,0,93,2190.27645760312,0.018905739411145657,0.6376049608078962,118,1,3,device_218,367251.53057869227,24,LOW,False
219,34,freelancer,38,59242.526814411896,39630.49787207919,0.0,39,0.35718515045549026,0.6427446980284914,1,40,5944.574680811878,0.7829577497711172,0.6287492267390915,55,0,0,device_219,706515.5899756331,12,MEDIUM,False
220,36,small_shop_owner,44,82635.5849957809,42621.43567428251,0.0,18,0.7829620201716088,0.9209776862172487,0,67,3816.844985756643,0.2883091827145244,0.11752746879121245,38,1,5,device_220,841544.6214990874,6,LOW,False
221,36,online_seller,10,47711.84386441772,35603.76845809728,124864.54592661255,21,0.477575346794166,0.7482474028471096,0,40,5340.565268714591,0.6891470643609476,1.0,21,1,1,device_221,462128.01230520604,24,MEDIUM,False
222,26,driver,59,33166.64879272643,21562.701967640693,215001.79262473583,30,0.5462734259037272,0.88509228408135,0,48,2695.3377459550866,0.36904147748373634,0.7874428357945,55,0,3,device_222,93396.85846881781,24,MEDIUM,False
223,59,small_business_owner,27,132221.78040920332,62125.57690874925,499215.51969171554,77,0.8911419087139723,0.744635373696491,0,84,4437.541207767804,0.27107740144097064,0.8926713072446691,77,0,0,device_223,383280.33435969823,12,LOW,False
224,23,informal_worker,24,42518.04199733042,23922.190216199044,121588.36646600679,7,0.4058728529883879,0.5,2,32,4485.410665537321,0.6544518970687514,0.24472376989857886,56,1,3,device_224,200665.8377732419,18,MEDIUM,False
225,29,salaried,28,117034.04397889762,74595.69181685588,0.0,48,0.7862312543449266,0.9364147417842797,0,80,5594.67688626419,0.13774980075886478,0.7430700031184478,48,0,2,device_225,234104.03946480993,12,LOW,False
226,37,freelancer,34,60358.50652946082,24454.791417586166,316387.00468418834,45,0.6355442801105495,0.42116779011437144,2,30,4890.958283517233,0.3314437104928054,0.7682499527103235,45,0,0,device_226,227489.37067243308,18,MEDIUM,False
227,37,small_shop_owner,82,64252.94715777591,48154.20492831286,0.0,89,0.6274741902746345,0.5148623362574344,3,34,8497.800869702269,0.28083305519237256,0.4489936326347701,89,0,5,device_227,526342.6247855185,18,MEDIUM,False
228,23,online_seller,6,73197.41611000594,54164.89716057246,0.0,18,0.3761888360454614,0.7467563429088878,0,99,3282.7210400346944,0.8792797965447502,0.8536708021198594,32,0,0,device_228,188137.05975793643,6,MEDIUM,False
229,50,driver,37,44052.071067201236,21739.53481972312,0.0,41,0.5595931710263999,0.7602963456774402,0,100,1304.3720891833873,0.3311904657017911,0.7252126989487323,41,0,5,device_229,370462.7320887289,36,LOW,False
230,34,small_business_owner,61,155260.74108158858,96663.14122482567,644600.5976549747,78,0.6851030690232702,0.7259545748119601,0,65,8922.751497676216,0.43726796504365884,0.42377380374255946,78,0,3,device_230,700038.2318722972,36,LOW,False
231,23,informal_worker,34,44079.65436852537,24293.870526598057,104566.66333044232,11,0.20211857539188605,0.5,2,87,1675.439346661935,0.5913856858496405,0.09710029374208681,37,0,0,device_231,477503.2593741566,36,HIGH,False
232,41,salaried,94,119372.12456374269,68855.43725938804,0.0,14,0.7644552496887711,0.6550065926251776,2,80,5164.157794454103,0.4800030255694795,0.6186576493356003,14,0,2,device_232,706375.5351817461,24,LOW,False
233,30,freelancer,53,56706.4748395672,24011.00274006248,0.0,7,0.4271727797593387,0.5,4,28,5145.214872870531,0.5913140086259248,1.0,25,0,3,device_233,194769.4212255216,12,MEDIUM,False
234,34,small_shop_owner,86,67762.39032888412,29290.03315220313,517529.2614794614,54,0.4850628389784127,0.5692989174741921,4,65,2703.6953678956734,0.570894867172634,0.2779704475950646,54,0,2,device_234,769738.2320493744,18,MEDIUM,False
235,25,online_seller,46,86677.25253861226,67626.73036268682,0.0,32,0.7546862195719558,0.7367961263106084,0,81,5009.387434273098,0.1903022521343903,0.9279461864853724,43,0,2,device_235,556968.3888900984,12,LOW,False
236,24,driver,51,37358.60111284363,26894.955520744676,199051.19003491895,32,0.7708347817573563,0.6172094028581566,3,45,3585.9940694326233,0.286539660343085,0.40855433751924963,32,0,1,device_236,300497.3897662239,12,MEDIUM,False
237,40,small_business_owner,63,84015.89379794686,56005.733362314604,0.0,89,0.8588626928043596,0.8424448680272776,0,89,3775.6674176841307,0.09337274893523992,0.41172969420399075,89,0,2,device_237,489631.27086593857,18,LOW,False
238,30,informal_worker,19,30170.90231344122,12817.09913752996,0.0,11,0.31891112166039404,0.5,0,26,2957.7921086607603,0.8506611661206925,0.48459330421596675,58,4,4,device_38,345749.75771578884,18,HIGH,True
239,50,salaried,71,66946.87772038212,31328.114734980783,0.0,67,0.9820966884368401,0.5161348616469883,2,76,2473.2722159195355,0.11568486653177998,0.3841529587239513,67,0,0,device_239,582728.609083245,24,LOW,False
240,27,freelancer,37,79171.5260825626,44825.11297590293,0.0,50,0.6770167615647273,0.6706092301810043,1,86,3127.333463435088,0.38505799396321505,0.9560282847189129,50,0,2,device_240,380498.9982056646,6,MEDIUM,False
241,33,small_shop_owner,67,89588.30410890843,44459.82695000792,0.0,89,0.5372686554048697,0.7332320158428736,0,43,6203.6967837220345,0.4950287949568971,0.3908494042216925,89,0,3,device_241,697319.3116422251,18,LOW,False
242,22,online_seller,23,90649.62284777901,38421.56436218628,557703.9754434566,45,0.5975430682526623,0.8677821622135068,0,77,2993.888132118411,0.41818277542586746,0.9509317033432678,45,0,2,device_242,325193.523015141,24,MEDIUM,False
243,36,driver,28,48422.66604737034,28739.869947164818,218402.55200970557,31,0.5326120035591028,0.964285835021854,0,65,2652.911072045983,0.7243786999884307,0.39626824972107066,42,0,2,device_243,268664.37653409387,24,MEDIUM,False
244,55,small_business_owner,31,89174.36487662903,60458.547165231,0.0,33,0.8451001438131336,0.7980539734844694,0,71,5109.172999878676,0.043741831235511286,0.5946261631940305,33,0,2,device_244,435335.45045039256,36,LOW,False
245,28,informal_worker,2,23568.779656867293,16353.04033216784,0.0,4,0.27721120184493375,0.5,0,76,1291.0294999079874,0.7868430916625436,0.2184617302484272,5,0,1,device_245,194603.15056748653,12,HIGH,False
246,49,salaried,106,106923.93193263671,81115.68787492167,0.0,58,1.0,0.5985381751204775,5,92,5290.153557060109,0.0,0.6042575910207258,58,0,2,device_246,669878.1632990286,36,LOW,False
247,36,freelancer,29,47023.058964652795,22041.202324366175,0.0,29,0.5200014851171748,0.5434760676679998,1,29,4560.248756765416,0.6136905586392966,0.9773848590591308,39,2,2,device_247,359533.9069838981,12,LOW,False
248,53,small_shop_owner,52,86245.72218240795,68891.3378665633,545154.446183045,95,0.7146440870400728,0.833713303236746,0,34,12157.294917628818,0.25769232604378256,0.4676337062818773,95,0,1,device_248,603770.301336946,12,LOW,False
249,32,online_seller,38,83062.82947078516,58476.41617952924,321917.3175567446,10,0.6259178502705262,0.5,1,53,6619.971642965574,0.37748489083669706,0.9667058902760078,48,1,5,device_249,724066.0432356208,24,MEDIUM,False
250,41,driver,24,32238.62625966887,19400.637131046613,0.0,47,0.8122498340901014,0.9268187153843894,0,82,1419.5588144668254,0.13761323874311673,0.3872910117046595,47,0,3,device_250,306679.25711585674,6,MEDIUM,False
251,32,small_business_owner,81,59364.69909166705,35290.50070955986,0.0,46,0.5843021524857708,0.779950986434904,0,76,2786.092161281042,0.3779636398194482,0.7075925371738163,46,2,1,device_251,679740.0904654299,18,LOW,False
252,22,informal_worker,36,30017.379522924937,19760.14128666027,151990.67343772028,17,0.4229774224521937,0.8150054084329047,0,58,2044.15254689589,0.6962960940894477,0.011319776613666843,57,2,2,device_252,271669.5636978776,12,MEDIUM,False
253,54,salaried,113,82708.32625216377,61966.50547508519,249212.65777759356,93,1.0,0.7653087027181448,0,66,5633.318679553199,0.0,0.6409705216045406,93,1,2,device_253,665233.8054398317,12,LOW,False
254,28,freelancer,56,106365.01725464399,72727.66861129856,279996.1504619157,14,0.4848285566422771,0.6435409984288041,2,83,5257.421827322787,0.6084842505918299,0.766591894883509,14,0,3,device_254,477357.46352985105,18,MEDIUM,False
255,51,small_shop_owner,71,77652.79131954497,43271.91851155342,220186.3864333405,82,0.6307612668189196,0.7777495193753702,0,31,8375.21003449421,0.23241183930851744,0.2120056559045103,82,0,3,device_255,262754.98833297024,18,LOW,False
256,35,online_seller,36,71675.64591098108,40572.591523219126,0.0,29,0.49382175051699856,0.8729807194742202,0,93,2617.586549885105,0.4066378891805266,1.0,29,0,2,device_256,373325.85777263745,12,LOW,False
257,42,driver,10,37075.589397359814,15641.93470636665,0.0,31,0.6377942867878723,0.8943911214223055,0,86,1091.2977702116268,0.2907376455130845,0.6781919857520722,31,0,0,device_257,342589.2679412031,12,LOW,False
258,54,small_business_owner,94,67871.10079940723,41059.10623368345,0.0,105,0.7740407122377236,0.864453491841212,0,36,6843.184372280575,0.21531049944422165,0.5319311272253874,105,1,3,device_258,723530.1475679467,36,LOW,False
259,21,informal_worker,8,29496.962276263053,23442.957899191453,192538.94844638323,16,0.29777210208162863,0.9413195394778867,0,41,3430.676765735335,0.7310690127899775,0.11559619633396509,16,0,0,device_259,178008.55377832078,18,MEDIUM,False
260,32,salaried,68,90359.7547961189,66053.83714790574,0.0,78,0.8447079162632698,0.7856486843252698,0,30,13210.767429581148,0.0,0.7707313570627308,78,0,4,device_260,277224.36384930235,12,LOW,False
261,39,freelancer,23,65632.10289121719,30565.837557018094,0.0,14,0.39414962790041874,0.652569214281245,0,98,1871.3778096133528,0.6239566463766895,0.9954917055974096,37,0,3,device_261,691724.8768220008,6,MEDIUM,False
262,38,small_shop_owner,87,77319.34186818563,59838.84642482306,576432.1485161756,86,0.5674388947851496,0.8179144908381271,0,99,3626.5967530195794,0.5258354660494082,0.06500817709663537,86,0,1,device_262,394567.159860764,36,LOW,False
263,38,online_seller,5,81762.84632671092,53817.42908340668,239944.4836531847,4,0.5516315601685777,0.5,1,93,3472.092198929463,0.3219185991359257,0.6810340321198134,19,0,3,device_263,198765.568499485,12,HIGH,False
264,35,driver,45,58172.28942892304,26554.46488804042,382837.36670645967,43,0.5315969441777441,0.8866817221807447,0,100,1593.2678932824251,0.4303623300811713,0.5503532739579592,43,3,1,device_264,311099.02928281034,18,LOW,False
265,39,small_business_owner,85,103393.66602059608,47499.33064146256,0.0,55,0.5577025074738327,0.7813090458749358,0,71,4014.0279415320474,0.3808651781165379,0.4935316511649697,55,0,3,device_265,1058748.7122435307,24,LOW,False
266,21,informal_worker,11,39028.16164624291,18423.768988768043,0.0,14,0.15668481854752878,0.9299947057253486,0,79,1399.273594083649,0.8067645877539447,0.17730511696512166,16,1,1,device_266,135491.4348136874,18,MEDIUM,False
267,35,salaried,115,141974.36382176838,57133.15557232659,0.0,52,0.8735962238005599,0.6291382750900054,2,64,5356.233334905618,0.15835624327773565,0.9480425902738427,52,1,1,device_267,519951.8069013633,12,LOW,False
268,38,freelancer,41,69766.58039703168,49110.751500137034,0.0,12,0.5595702250175515,0.5,4,79,3729.9304936812937,0.2871597189934554,0.7705579022918095,12,2,3,device_268,384867.251697538,18,MEDIUM,False
269,37,small_shop_owner,24,76919.60229499046,55745.38088437679,311608.5586851751,18,0.6849611988516213,0.844849311511025,0,69,4847.424424728417,0.33100357808916897,0.48571125815781707,58,1,2,device_269,462960.83414321806,36,MEDIUM,False
270,25,online_seller,23,82427.4205602279,44741.02456266134,0.0,39,0.7439988391476335,0.5239319610432486,1,44,6101.048803999274,0.24435012301766826,1.0,51,0,4,device_270,905016.1636077851,12,LOW,False
271,38,driver,35,33826.05071234355,19574.81715889009,0.0,34,0.6724234744535292,0.764602407825122,0,83,1415.0470235342234,0.4236070051746178,0.6693725436100281,34,0,1,device_271,270693.44780652935,6,LOW,False
272,46,small_business_owner,82,196311.55515271178,123563.46185329823,795031.6991237929,54,0.7760846654311477,0.6466191641056264,3,65,11405.858017227529,0.340373681689047,0.5869115980225581,54,0,1,device_272,1917568.2027916478,6,LOW,False
273,48,informal_worker,19,27910.395971166014,13011.824086066958,174150.39815286896,17,0.33593025800857546,0.8158814306915007,0,33,2365.7861974667194,0.6547753213300657,0.16407471169673754,30,0,6,device_273,128082.00022337305,12,HIGH,False
274,48,salaried,70,107922.38170955077,67534.22565564755,0.0,109,0.8295177829002017,0.5464479795992878,5,25,16208.21415735541,0.2821068561516108,0.926207138712873,109,0,2,device_274,776299.3898386742,6,LOW,False
275,28,freelancer,29,54862.15637589662,23809.436103396918,253324.69905001257,41,0.4451799701833227,0.36376611608070325,4,69,2070.3857481214714,0.34703884783105754,0.7519553293195037,41,1,3,device_275,643237.601244119,24,MEDIUM,False
276,45,small_shop_owner,91,48013.5380489129,28491.196701905985,219656.98886270096,90,0.6377092093742476,0.584254586013704,1,32,5342.099381607372,0.2637914780440509,0.42980200143211106,90,0,0,device_276,496538.7775828608,18,MEDIUM,False
277,30,online_seller,38,48368.586354251136,27506.491804692283,0.0,26,0.5287421372011433,0.8119216876624535,0,45,3667.5322406256378,0.3477298133222293,0.7816770143178504,41,0,1,device_277,467528.79421473824,36,LOW,False
278,23,driver,8,49530.2994035358,25462.651280768987,286514.08540333546,5,0.7516093521646967,0.5,3,62,2464.1275433002243,0.3000852994101404,0.5667730105571814,54,0,4,device_278,269085.9763196446,24,MEDIUM,False
279,34,small_business_owner,101,127211.32906351698,55951.598708283345,266656.4366375992,89,0.8144759611452297,0.666137363494281,3,98,3425.6080841806133,0.331743632726534,0.6672953646771791,89,0,4,device_279,648385.5998234925,12,LOW,False
280,37,informal_worker,22,24028.98958894865,11380.559800177463,0.0,16,0.4127374010445556,0.47623017478883145,0,88,775.947259103009,0.5509509328398877,0.0,34,0,2,device_280,96965.3528340594,36,HIGH,False
281,51,salaried,26,110887.43457772842,45286.83443943469,0.0,59,1.0,0.8055641287006692,0,34,7991.794312841416,0.007975652689921599,0.5711150286855368,59,1,1,device_281,1259009.8219295137,36,LOW,False
282,45,freelancer,50,115054.49380197779,58703.87590354927,459416.63588838925,46,0.6420504287271063,0.7156605000184892,0,80,4402.790692766195,0.4228860397066464,0.921680529179401,46,0,1,device_282,580438.9040199794,36,LOW,False
283,31,small_shop_owner,86,58899.20298174725,44045.6172869767,181641.91713876152,73,0.5506855144245851,0.8993684676186613,0,100,2642.737037218602,0.6122786986866947,0.3440986624072038,73,0,0,device_283,294454.43058308726,36,MEDIUM,False
284,32,online_seller,12,54835.81027594721,30707.681272277623,128554.39006315634,46,0.5401607017248762,0.7835522622143702,0,93,1981.1407272437177,0.3717638893148508,1.0,47,1,1,device_284,488981.9499793579,6,MEDIUM,False
285,36,driver,26,37888.753758829655,29993.22003865554,171424.6116166518,29,0.6598498348024682,0.8042269656483338,0,46,3912.1591354768098,0.3782811264240103,0.6467479284007167,29,0,3,device_285,107309.69014378358,36,MEDIUM,False
286,59,small_business_owner,84,60313.085963373116,37387.292011834965,0.0,118,0.8127780250633898,0.8360671118738298,0,37,6062.804110027291,0.12223928638686656,0.6126252345278544,118,1,2,device_286,304522.65544212004,12,LOW,False
287,48,informal_worker,34,23935.78195170634,17042.73714997699,0.0,12,0.2753616597485452,0.5,1,42,2434.676735710999,0.676220945126581,0.05506305203701192,32,1,2,device_287,261172.9131593428,36,MEDIUM,False
288,36,salaried,110,148534.04248882364,62394.71604205691,0.0,110,0.8657121138442436,0.8290157491101388,0,53,7063.552759478141,0.08641202900358752,0.7539213696320688,110,0,2,device_288,1460834.5397321433,24,LOW,False
289,29,freelancer,23,82843.39784782386,48943.32912370117,359146.98232618865,41,0.5936504116730488,0.7476616957737773,0,58,5063.103012796673,0.4307153106972227,0.6364687389800856,52,0,1,device_289,993120.8011893705,18,LOW,False
290,59,small_shop_owner,52,39541.468691940245,18260.57970130519,0.0,73,0.5373684723816993,0.9948188444180529,0,55,1992.0632401423843,0.43699745978105153,0.31929283622647925,73,2,2,device_290,399639.1275396227,6,LOW,False
291,37,online_seller,27,48034.23991344704,27858.77692432613,0.0,28,0.5524763538095803,0.7042791352223967,0,38,4398.754251209389,0.6463570455484794,1.0,28,0,3,device_291,385832.8334258286,6,MEDIUM,False
292,44,driver,11,49323.954659251656,29893.61192373327,0.0,25,0.49788700483054205,0.8896375260819445,0,52,3449.262914276916,0.41699668114448735,0.3134682106820295,50,1,3,device_292,216181.79837979036,24,MEDIUM,False
293,56,small_business_owner,92,89127.38689431333,35974.91622965302,0.0,58,0.5456881772057129,0.5913748654987474,4,54,3997.212914405891,0.47537866931459816,0.586244096378231,58,0,4,device_293,488464.38674012123,6,LOW,False
294,55,informal_worker,16,41866.67222621655,22122.300128659157,215888.1781302959,7,0.29401738564700963,0.5,3,87,1525.6758709420108,0.7553386347864195,0.18017951166476792,17,0,2,device_294,164225.3370064158,12,HIGH,False
295,38,salaried,66,87852.25941797408,50768.51266280809,0.0,103,0.8931876574832047,0.6005960705800868,0,37,8232.731783158068,0.20412249861830248,0.6313550125993577,103,0,2,device_295,202371.02281603043,36,LOW,False
296,27,freelancer,32,107505.02909266448,48754.740984881486,0.0,47,0.35159433350756647,0.5294443768222198,0,80,3656.605573866111,0.49568888083346885,0.6523017822729107,47,0,2,device_296,609208.2944866753,12,MEDIUM,False
297,46,small_shop_owner,53,56500.45847626393,24137.839166374735,0.0,48,0.5369975020466106,0.7885952401653086,0,31,4671.839838653174,0.2884317546674242,0.4152528093170947,48,0,2,device_297,509388.50852840906,36,LOW,False
298,21,online_seller,14,30687.92867988515,20786.499652074406,0.0,29,0.3778824174710276,0.4805953979396999,4,42,2969.4999502963437,0.5632085602758323,1.0,29,1,2,device_298,206970.10544572942,24,MEDIUM,False
299,27,driver,53,36682.18089744292,23026.211728586895,0.0,21,0.744118186641997,0.8418349552210906,0,21,6578.917636739113,0.25861315134314683,0.3051106508779533,22,0,2,device_299,243564.33195812203,36,MEDIUM,False
300,59,small_business_owner,66,69992.63871232598,49719.33402781385,0.0,60,0.639703509984784,0.8189248340746477,0,89,3351.865215358237,0.38874405296166326,0.6414901148266771,60,1,1,device_300,587212.3568997731,24,LOW,False
301,26,informal_worker,33,17443.416386734774,10783.017292496374,48850.25293341124,14,0.12577783073647247,0.7650538227069692,0,34,1902.8854045581834,0.9180723462201013,0.0,24,0,4,device_301,54492.71423009293,12,MEDIUM,False
302,45,salaried,56,64437.80883988422,32477.89389874283,277749.4019998241,103,0.8392527712379693,0.5182400346235002,0,63,3093.132752261222,0.19772457247353636,0.5645950503666199,103,1,2,device_302,728580.4266449055,18,LOW,False
303,28,freelancer,17,41971.55237090581,30830.263853836037,0.0,45,0.608005605913931,0.7467851704785011,0,71,2605.3744101833267,0.49918738060724865,0.852843566624943,55,2,0,device_303,236003.30663363,24,MEDIUM,False
304,33,small_shop_owner,63,80451.46713803054,33953.78659324651,366968.77727731055,24,0.5627059479569864,0.8363048909485977,0,37,5506.019447553487,0.49818458766847684,0.28794410189510883,33,1,2,device_304,693678.421512064,18,MEDIUM,False
305,20,online_seller,19,80072.5617370395,36040.69946865233,475075.29961343633,27,0.4599409647463939,0.44111780923769855,2,54,4004.5221631835925,0.5665174888565172,1.0,27,0,3,device_305,601001.134723223,18,MEDIUM,False
306,40,driver,6,31737.260272253945,13313.987849978519,0.0,19,0.7051885971822154,0.9679814550224418,0,50,1597.6785419974221,0.21867587583689055,0.6300677256510475,19,0,1,device_306,121949.99464224582,6,LOW,False
307,35,small_business_owner,75,58550.3581327901,23829.95393137436,0.0,111,0.8149672018878746,0.5779600379063536,2,59,2423.385145563494,0.213905598413109,0.7782895234630511,111,1,1,device_307,190938.6558601841,6,LOW,False
308,36,informal_worker,24,18895.71040253643,14834.890600904855,109029.81179796977,19,0.3850079332417553,0.5091444844717308,2,37,2405.6579352818685,0.739315499806191,0.29565792457728746,33,0,3,device_308,147347.39751037836,12,HIGH,False
309,44,salaried,71,74985.31923445636,37054.24330814094,0.0,65,0.8154846041573841,0.7243369902569575,0,80,2779.0682481105705,0.12672331815934484,0.5145219495479991,65,0,3,device_309,485883.6150869797,36,LOW,False
310,28,freelancer,54,72437.73410643348,45334.26001800315,0.0,21,0.4041221543813225,0.6219827853397505,0,96,2833.391251125197,0.6338183853791884,0.903570902918227,58,0,4,device_310,281277.5505280211,6,MEDIUM,False
311,51,small_shop_owner,21,51705.427542380465,37136.45905210073,147272.63779406413,84,0.5822082124195601,0.8353444662491639,0,90,2475.7639368067153,0.47195635636549915,0.32684419405768833,84,1,3,device_311,123579.29170915589,36,LOW,False
312,37,online_seller,12,61889.674739307615,45362.43422646086,0.0,13,0.5668015340532528,0.7452099705999762,0,86,3164.8209925437804,0.34535108581254115,0.7863655115040846,31,1,4,device_312,394710.71813311905,6,MEDIUM,False
313,44,driver,43,35862.9811187842,17972.193618345005,86204.12305430228,34,0.6870211889941741,0.7527681797805514,0,85,1268.6254318831768,0.3850560194896476,0.7309236526508451,34,0,2,device_313,366879.57874839165,6,MEDIUM,False
314,46,small_business_owner,77,85254.6948217878,54428.0838618863,0.0,82,0.5929808437105668,0.9014656012655734,0,91,3588.6648700144815,0.4922660206327283,0.41562246032993755,82,2,1,device_314,1003821.3306583303,18,LOW,False
315,43,informal_worker,17,23151.527966945392,16816.860498153022,0.0,0,0.27008182275725656,0.5,1,94,1073.4166275416824,0.6122219659657466,0.47308158619127233,7,0,3,device_315,59412.73768659484,6,HIGH,False
316,47,salaried,32,143588.7079084943,85966.18195916392,0.0,81,0.8015465949518032,0.5338342450473601,1,28,18421.324705535124,0.1370946445119173,0.729436141100008,81,0,4,device_316,1430704.5643297494,6,LOW,False
317,27,freelancer,55,72875.40418800879,46765.73321403969,0.0,14,0.522866302813672,0.3260797947841351,0,73,3843.758894304632,0.4426172266413484,0.8733881802614492,26,0,2,device_317,264181.40406177775,24,MEDIUM,False
318,52,small_shop_owner,60,76929.8667538945,35199.29608683717,0.0,22,0.7036515583504435,0.27804930060393857,2,89,2372.986253045202,0.20761549576397942,0.5157694265853492,22,1,1,device_318,637002.7330749985,18,MEDIUM,False
319,37,online_seller,28,48081.03003893145,35907.1364619609,289236.7131165203,36,0.6700758961536908,0.9480856055189563,0,48,4488.392057745113,0.04669151134789512,1.0,56,0,1,device_319,319227.3942711052,6,MEDIUM,False
320,31,driver,35,33603.650545790115,26241.279087000305,0.0,46,0.6251384146233323,0.6912195769564365,1,74,2127.671277324349,0.5903544531149819,0.46343389341497654,46,1,1,device_320,378573.8152766552,24,MEDIUM,False
321,37,small_business_owner,82,156563.27225186175,67899.17473917235,1238017.0892054487,68,0.7558626532754513,0.2703195156504172,2,44,9258.978373523501,0.08100383568284134,0.7234174171251003,68,1,2,device_321,831217.5301737811,6,MEDIUM,False
322,44,informal_worker,2,22448.62438892538,10883.822571597406,77088.26369521247,7,0.3897543570303795,0.5,1,32,2040.7167321745137,0.7232676201533688,0.00928832267388871,41,1,6,device_22,114245.02804986935,6,HIGH,True
323,46,salaried,114,93185.26399237613,52197.04078221719,715934.70628219,18,0.9666269672043524,0.79547856549347,0,25,12527.289787732125,0.18900377164367507,0.6087473852980994,28,2,1,device_323,326063.8613720991,24,LOW,False
324,28,freelancer,54,83006.49104412115,33766.01556986878,644313.0385487025,55,0.6873104424624781,0.7186841197798941,0,84,2411.8582549906273,0.32386947335786076,0.4950498896494929,55,0,0,device_324,734138.7587770353,12,LOW,False
325,48,small_shop_owner,85,62677.122817224896,28815.9735910508,0.0,88,0.5911876158993306,0.8298727250524974,0,61,2834.3580581361443,0.3969615119291782,0.2813677312458152,88,1,5,device_325,208383.04160666303,18,LOW,False
326,36,online_seller,17,68284.0859655187,38730.2988769966,0.0,29,0.4631739038401668,0.7795597353288483,0,27,8606.733083777022,0.49613757170939576,1.0,38,0,3,device_326,573041.2986048457,36,MEDIUM,False
327,27,driver,46,33248.888710155974,14985.96304702767,0.0,46,0.7171944607814498,0.8901826647689725,0,83,1083.3226299056146,0.30776035817835795,0.6745218760703882,46,1,5,device_327,197561.73627584873,18,LOW,False
328,51,small_business_owner,72,177230.46928293433,105651.5127505288,0.0,91,0.3724989366086544,0.7109056288527267,0,73,8683.685979495518,0.7441795627116664,1.0,91,0,2,device_328,543780.2856886394,12,MEDIUM,False
329,29,informal_worker,35,22165.354812108206,10363.272349699599,105596.56490012036,15,0.2885359164493607,0.7667361211292232,0,48,1295.4090437124498,0.6978309993040709,0.0,22,0,2,device_329,98296.04379216563,12,MEDIUM,False
330,54,salaried,31,101198.81514337208,69191.49711832016,0.0,83,0.8260971341976767,0.592939850541052,1,73,5686.972365889328,0.1319593905364682,0.6467317516764252,83,1,3,device_330,383057.5418270587,36,LOW,False
331,29,freelancer,22,79442.41001270417,49089.83811303661,0.0,19,0.5680215455902824,0.5604593582492878,2,30,9817.967622607322,0.5601920284457307,0.8075804514189368,31,0,1,device_331,457565.419680129,18,MEDIUM,False
332,40,small_shop_owner,18,76597.05533391617,31191.209732303058,0.0,46,0.519362307088195,0.6400319098326768,2,97,1929.3531793177146,0.46647283431079234,0.3157236850972452,46,0,4,device_332,191739.9954534464,6,LOW,False
333,26,online_seller,40,34403.52332126167,15633.7348622135,0.0,45,0.6370746644588403,0.8620882544482042,0,81,1158.054434238037,0.2803141363697055,0.7452288984714797,45,0,2,device_333,117722.4496264367,18,LOW,False
334,22,driver,19,26848.906286801088,19722.559364067656,0.0,15,0.5965759728037074,0.3918550726436153,1,35,3381.0101766973125,0.517177928511356,0.39898918933140975,50,0,1,device_334,269213.2866988545,24,HIGH,False
335,52,small_business_owner,101,168205.27243625332,77080.31145194478,1040280.5959707389,114,0.6255439459606971,0.8287944743076421,0,50,9249.637374233373,0.42199261510850394,0.5362916675791918,114,0,4,device_335,1930755.2661264453,18,LOW,False
336,42,informal_worker,30,22756.71790920738,9568.965909031185,0.0,17,0.19869704883771622,0.5814021290025125,2,59,973.115177189612,0.7046296593478388,0.0,19,0,2,device_336,128967.30606836693,18,HIGH,False
337,40,salaried,83,69522.45223708628,55226.80535368941,0.0,24,0.8103869532027488,0.5695649119233545,1,80,4142.010401526705,0.0035090538640397406,0.859398593618129,51,1,3,device_337,517334.6442985366,18,LOW,False
338,33,freelancer,26,99240.7616974655,46317.14555303352,673301.2623932448,32,0.5587391699806012,0.8429618573537576,0,48,5789.64319412919,0.35550407260478434,0.964482067734538,50,1,2,device_338,1043553.4989234885,12,MEDIUM,False
339,54,small_shop_owner,49,43613.70481909574,19144.265895464516,166534.33353018417,31,0.6389169810223448,0.6471216980799337,3,49,2344.195823934431,0.3405202336133304,0.5535664452431225,31,6,11,device_39,403233.9573821304,36,MEDIUM,True
340,35,online_seller,38,51805.86093097902,30778.208919684042,0.0,44,0.5205544242411967,0.9269837540268828,0,63,2931.257992350861,0.2708557879854696,1.0,44,1,2,device_340,247384.80022144376,24,MEDIUM,False
341,42,driver,53,57669.45944582092,38009.24994259013,0.0,34,0.7064842358600123,0.8262431461028009,0,65,3508.5461485467813,0.5327267276673869,0.4996872429633682,34,0,3,device_341,137003.16040383172,12,LOW,False
342,45,small_business_owner,47,157577.21705701365,78355.24158372442,0.0,93,0.7711410579465494,0.9278449453623387,0,27,17412.275907494317,0.18351753121506517,0.4528344429075396,93,1,2,device_342,746390.3074937952,6,LOW,False
343,22,informal_worker,4,44400.16389590451,17890.741094876423,226850.84443601576,24,0.4598321807641033,0.6891477088336269,4,37,2901.201258628609,0.5531217831565014,0.0,56,0,2,device_343,161736.67658278006,12,HIGH,False
344,29,salaried,25,105334.74911309607,56390.65735130497,0.0,39,0.9491066043445356,0.7825640949317714,0,67,5049.909613549699,0.14104304896973757,1.0,39,0,2,device_344,303513.90916453756,36,LOW,False
345,41,freelancer,36,73093.24188665656,58201.01243921687,0.0,48,0.5828058814893309,0.9778972508823853,0,20,17460.30373176506,0.41499063211024206,0.8643767179812498,48,1,1,device_345,795692.5052263306,36,LOW,False
346,29,small_shop_owner,79,53099.05787034004,41219.528234526784,0.0,47,0.6129461935125199,0.32743691124860785,1,56,4416.3780251278695,0.34809952702916475,0.511547766331026,47,1,2,device_346,245463.3096602608,36,MEDIUM,False
347,33,online_seller,14,60524.93361535188,38513.33551446907,0.0,9,0.4727585008989412,0.5,5,87,2656.092104446143,0.6161956222179612,0.8009615726608945,12,0,2,device_347,558547.8155370454,12,MEDIUM,False
348,38,driver,22,26137.030884155774,20583.58814912467,128209.42443417157,25,0.7456295002091347,0.8594890611998592,0,70,1764.3075556392575,0.3170659746164786,0.5584420349581363,25,0,2,device_348,143044.95755470515,18,LOW,False
349,44,small_business_owner,96,192318.5746537877,97547.61106816164,0.0,55,0.5878248897144112,0.645550512752229,6,48,12193.451383520205,0.41971688454683487,0.4462607900121348,55,0,3,device_349,759351.6057076039,6,LOW,False
350,20,informal_worker,6,26508.271210654755,15103.05598859982,0.0,12,0.29875867804744055,0.5,2,90,1006.8703992399879,0.5631814513625943,0.13457668377387727,33,1,1,device_350,111806.45163266618,6,HIGH,False
351,47,salaried,45,67205.7062276069,39636.666900396754,0.0,22,0.9610373699725285,0.6929110472471952,1,75,3170.9333520317405,0.09101281833516894,0.7639154696475096,44,1,4,device_351,286070.88920093194,18,LOW,False
352,25,freelancer,39,54952.58371600945,23446.28543794785,439146.14534855494,8,0.43772524399980933,0.5,0,92,1529.105572040077,0.5197848470799099,0.958703358217372,33,1,2,device_352,151346.10657652028,18,MEDIUM,False
353,32,small_shop_owner,47,83854.97080813283,48969.35588292949,0.0,81,0.48233281709299364,0.5234879422945268,1,24,12242.338970732373,0.5296331133588996,0.2743797975810201,81,4,5,device_53,800758.4024741155,18,MEDIUM,True
354,26,online_seller,40,70385.52863413878,32513.648820338887,0.0,12,0.49463048468645276,0.5,3,70,2786.884184600476,0.6607495654223153,0.65073793003779,12,0,7,device_54,761366.5765630136,18,MEDIUM,True
355,29,driver,42,39360.63026554317,23155.087308852988,0.0,27,0.5878230647166799,0.49361002433465045,3,89,1561.0171219451452,0.43856724700519595,0.576667579705601,27,0,2,device_355,396403.67064629216,24,HIGH,False
356,34,small_business_owner,112,69359.76872435944,42638.47798533522,528481.2997658167,116,0.7062331349619122,0.8434710125815682,0,64,3997.357311125177,0.20933402015913738,0.6963558887462351,116,0,2,device_356,420574.33632265934,6,LOW,False
357,22,informal_worker,22,39550.8192418565,18536.333000711584,0.0,19,0.19266719677771044,0.6530126462823529,1,96,1158.520812544474,0.838116040473678,0.5102339062258736,28,1,2,device_357,257002.80178987863,18,MEDIUM,False
358,33,salaried,81,104513.7347487383,79210.85801347153,376877.63777068135,74,0.9654431027105621,0.8273485377136971,0,90,5280.723867564769,0.0,0.8223647747484989,74,3,9,device_58,987071.7821489746,24,LOW,True
359,40,freelancer,48,59707.85977938415,25393.834179389825,166600.28631702176,30,0.4452094695793065,0.6278281203779197,2,99,1539.020253296353,0.5138104060413402,0.9175038065786048,30,1,1,device_359,443918.64009990176,12,MEDIUM,False
360,33,small_shop_owner,46,79176.66677842513,49465.68452529408,0.0,31,0.49204495883605703,0.6373920940737208,2,39,7610.105311583704,0.358339159847478,0.2622681750235313,50,0,5,device_360,342105.41581805167,24,MEDIUM,False
361,23,online_seller,8,89992.03198314045,50939.34812764028,0.0,3,0.6053569531067794,0.5,0,76,4021.527483761075,0.2445962756149188,0.8979935700685997,26,0,1,device_361,924741.2178879774,18,MEDIUM,False
362,24,driver,17,28137.828093248765,15052.151938305096,0.0,30,0.5063908487464943,0.5088965633748395,1,91,992.4495783497866,0.5590597265258196,0.6139738169876479,35,0,2,device_362,88139.90393577135,24,MEDIUM,False
363,32,small_business_owner,69,121566.47265408892,96988.85646682499,738519.9923440769,94,0.7210303040221995,0.6832317129569749,0,96,6061.803529176562,0.30458675654722833,0.7789966508890689,94,1,1,device_363,442579.2624720736,18,LOW,False
364,18,informal_worker,19,42172.703719093435,33317.90641098595,0.0,13,0.23311239655569868,0.813212080842827,0,30,6663.5812821971895,0.8005414416313993,0.3372400084822553,49,0,1,device_364,395071.5979187105,36,MEDIUM,False
365,32,salaried,97,64927.04840336356,35190.85670868986,317584.22965995804,78,0.8975167332296246,0.4742677131105553,5,68,3105.075591943223,0.0,0.56425782505929,78,0,2,device_365,193511.52152287125,12,LOW,False
366,30,freelancer,37,48843.45330468644,23823.67547657479,233769.72509220007,15,0.5041773657364912,0.8638061080963786,0,75,1905.8940381259831,0.37159798090858587,0.6311619328952047,20,1,0,device_366,486258.2601981169,24,MEDIUM,False
367,32,small_shop_owner,58,47956.12640269757,37070.16153938032,0.0,44,0.5932128618300518,0.6679029564348227,4,100,2224.209692362819,0.472757115163028,0.23902322357867956,44,0,1,device_367,341220.13569420436,36,MEDIUM,False
368,34,online_seller,9,73338.49800326873,34011.311776722985,0.0,11,0.4469857734777172,0.5,3,70,2915.2552951476846,0.517502569977972,0.7550543495206375,24,0,1,device_368,312978.3601010546,36,MEDIUM,False
369,49,driver,27,34631.65741207165,26452.86088870102,0.0,31,0.5023536358378198,0.6398358918724032,0,96,1653.3038055438137,0.30837014640317506,0.6467236288196685,31,0,1,device_369,401027.4425196788,18,MEDIUM,False
370,60,small_business_owner,112,143000.20002161124,76660.86251203703,0.0,49,0.7006273156184418,0.5428694042136071,3,42,10951.55178743386,0.26112744461462917,0.30360550501625705,49,2,1,device_370,1015280.0835418961,18,LOW,False
371,49,informal_worker,16,42900.161333732176,23742.105716121496,0.0,10,0.2908924139646973,0.5,3,70,2035.037632810414,0.6319875560803736,0.0,26,0,1,device_371,361806.9726947808,6,HIGH,False
372,31,salaried,99,136634.02634818922,81054.92496874071,614364.5183563535,81,0.8387016728729311,0.822936743917421,0,90,5403.661664582714,0.18282040042209075,0.8149827031506657,81,0,1,device_372,560576.861014773,24,LOW,False
373,28,freelancer,34,43164.60052500905,24224.643002466502,254452.0304769205,57,0.613997511450051,0.6283314187187572,1,28,5190.994929099965,0.3823434911156559,0.8989474997123557,57,0,2,device_373,436811.83344494225,24,MEDIUM,False
374,36,small_shop_owner,93,37583.0432324217,23546.872208492023,247287.76052493154,50,0.6826249422672823,0.7801367076309796,0,39,3622.595724383388,0.3003898219649446,0.645510994274596,50,0,0,device_374,383120.87785467907,24,LOW,False
375,22,online_seller,31,77411.04804349615,52720.9359767652,0.0,41,0.3369162002644125,0.6497361753707835,2,71,4455.290364233679,0.6219813060852702,1.0,41,1,1,device_375,201797.49574667288,36,MEDIUM,False
376,49,driver,50,40261.644094150266,28161.766702919584,0.0,29,0.42543295617275045,0.6927512461183972,4,66,2560.160609356326,0.4694450408489993,0.22023460256237792,47,0,0,device_376,461761.9634862833,36,MEDIUM,False
377,59,small_business_owner,34,62506.85806531393,48217.984131442965,0.0,37,0.6215503927610464,0.7620133731355109,0,65,4450.890842902428,0.3364227466798635,0.6166085151279744,37,0,3,device_377,458521.8286131535,36,LOW,False
378,43,informal_worker,22,39177.17527600324,20053.602789615612,123373.93697030959,13,0.22187275003056062,0.817160357706171,0,32,3760.0505230529275,0.9073332834020916,0.08762424100951374,19,6,10,device_78,289006.9382153641,12,MEDIUM,True
379,41,salaried,95,95532.65545904305,62900.494231916324,0.0,86,0.9648943606259271,0.9064793868211025,0,48,7862.5617789895405,0.14058342080173852,0.694596844636834,86,0,3,device_379,957864.1351645216,18,LOW,False
380,43,freelancer,43,112865.9376264317,87733.40715024072,0.0,50,0.4747846534156425,0.8415005885007497,0,64,8225.006920335069,0.4823478668962269,0.8139395351170982,50,0,1,device_380,637746.2341829416,24,LOW,False
381,54,small_shop_owner,22,39093.563014118365,23513.86744869867,0.0,26,0.49162646300598334,0.9138221480601131,0,38,3712.715912952422,0.42441961328394967,0.582545329402198,26,1,2,device_381,333856.7690878543,18,MEDIUM,False
382,26,online_seller,36,36005.59994296426,15711.914149266675,0.0,33,0.644808438743609,0.6827105558532635,2,32,2945.9839029875016,0.39613541432061616,0.9084992342421282,33,0,2,device_382,166227.54532271635,24,LOW,False
383,31,driver,8,39556.977900412836,27220.475626176776,297061.4409056545,48,0.6174701075676436,0.6644793264161643,1,63,2592.426250112074,0.4484830393912702,0.8649767700491451,48,1,3,device_383,106986.07049402548,6,MEDIUM,False
384,35,small_business_owner,118,191768.36731173305,98390.01021401126,0.0,55,0.5816157358948331,0.9011139832944909,0,90,6559.334014267417,0.47960826559585834,0.659714216902992,55,1,0,device_384,2197236.881810884,18,LOW,False
385,47,informal_worker,15,22944.489653349563,17746.12315177641,0.0,12,0.2529928500411299,0.5,2,43,2476.2032304804293,0.9554784420819717,0.048813245685769086,43,1,4,device_385,151848.11968719415,24,HIGH,False
386,48,salaried,102,125690.0205933238,70936.0743522269,0.0,37,0.7257052469513335,0.7278006242320482,0,74,5751.573596126505,0.2612021725360538,0.8692359674903256,37,0,1,device_386,1366038.7857732729,6,LOW,False
387,28,freelancer,23,47745.49847897749,28190.02521097522,0.0,54,0.43284877930194543,0.9224175957864069,0,28,6040.719688066118,0.6365435440171804,0.9074884009639478,54,0,3,device_387,384385.28306480293,6,MEDIUM,False
388,39,small_shop_owner,58,62771.30422491701,29537.963969313867,431640.43478809035,53,0.8824330591003047,0.5955054762611776,2,34,5212.581876937741,0.016874204805180912,0.4071737979677025,53,1,1,device_388,366059.9426908693,24,LOW,False
389,40,online_seller,23,41953.77820023358,21265.697155345573,0.0,41,0.692375407530728,0.5992558906043702,5,70,1822.7740418867636,0.3705421015743423,0.902768700190538,41,2,2,device_389,269508.44516568066,6,MEDIUM,False
390,49,driver,35,36849.3909602968,21718.071969026423,209268.50801032968,42,0.5896141068763046,0.6460262501774178,1,58,2246.697100244113,0.2300541677548235,0.6400847926273144,42,0,2,device_390,373068.2668332718,36,MEDIUM,False
391,34,small_business_owner,64,98099.41321046485,60913.379289713404,225927.34592927896,39,0.6738241709778905,0.6143258970633833,0,34,10749.419874655307,0.281379695177112,0.41777907961670346,39,0,1,device_391,1141794.778106441,18,MEDIUM,False
392,50,informal_worker,25,27905.277253329397,20929.055047504058,0.0,13,0.30430408708503875,0.7265964220531231,0,93,1350.2616159680038,0.6328815389980434,0.21484006805433256,27,0,1,device_392,196472.7078115352,24,HIGH,False
393,45,salaried,92,145358.26399873436,107126.95361983913,0.0,100,0.9366746407892257,0.6667913855124249,2,42,15303.850517119876,0.0,0.668602507506775,100,1,1,device_393,1581136.7328825304,12,LOW,False
394,26,freelancer,17,103143.25237416837,42545.088202273655,0.0,26,0.5853201545051554,0.6609553055093229,0,99,2578.490194077191,0.34169288684858534,1.0,26,1,3,device_394,406166.91620203096,18,LOW,False
395,59,small_shop_owner,29,45402.6282979707,28576.26467434412,0.0,36,0.5163908329780373,0.8207081059377743,0,91,1884.1493191875243,0.3603551358999346,0.2973262404080805,36,0,2,device_395,519424.8091532421,24,LOW,False
396,35,online_seller,29,64252.5923232585,38874.77718385416,0.0,48,0.46447936176889104,0.9311745229507259,0,82,2844.495891501524,0.5183521304941807,1.0,48,0,2,device_396,617123.407879751,6,LOW,False
397,47,driver,54,49657.27727440896,28877.624773362604,260386.17480547988,17,0.6261766324944382,0.5481715123580357,1,55,3150.2863389122845,0.40304309699389584,0.7008779547511531,17,1,1,device_397,138393.677329111,36,HIGH,False
398,54,small_business_owner,82,138321.54052343348,60265.15530318056,0.0,96,0.7684163208608954,0.6455882558426218,2,83,4356.517250832329,0.41770941653715754,0.4580586552404954,96,0,2,device_398,361860.19538886077,36,LOW,False
399,25,informal_worker,18,16968.022948350885,11474.559766963937,0.0,24,0.3820553502887897,0.2758299785540607,2,66,1043.1417969967215,0.472285852385274,0.4798766828427906,37,0,2,device_399,126141.2756003849,6,HIGH,False
400,39,salaried,93,67731.93493825385,46440.2424518168,0.0,39,0.8434607029714599,0.897910268936181,0,33,8443.680445784872,0.0,0.6222896470787415,50,0,3,device_400,447100.281545758,12,LOW,False
401,23,freelancer,34,41843.76707252859,31746.808331984757,0.0,22,0.44001786060829384,0.786637741573654,0,31,6144.543548126082,0.49642802951015047,0.8312483762938389,31,0,3,device_401,190816.43745727206,6,MEDIUM,False
402,43,small_shop_owner,38,64502.571069401674,37079.89911316932,0.0,87,0.6321291470757388,0.9409577477027204,0,98,2270.1979048879175,0.535097443334014,0.378570012198703,87,0,2,device_402,376394.76359721256,24,MEDIUM,False
403,24,online_seller,16,88563.41472573607,47262.504717931595,0.0,16,0.6690352028956412,0.9917366481018334,0,92,3082.33726421293,0.3622644275578416,0.9272048926525941,25,0,1,device_403,616687.223762323,36,MEDIUM,False
404,39,driver,16,39127.63430727172,30698.251883934154,0.0,23,0.5715123753642374,0.863973702496564,0,57,3231.3949351509636,0.437860954953148,0.7196776052073208,23,1,0,device_404,410964.47191242274,36,MEDIUM,False
405,57,small_business_owner,89,81927.51290575361,60065.765459998656,0.0,110,0.7505861909840593,0.8467794311517552,0,37,9740.394398918701,0.1431630514649106,0.33714343572885047,110,1,2,device_405,256316.8968862496,24,LOW,False
406,35,informal_worker,9,33284.03290099866,16498.377050165316,0.0,22,0.24333680753805575,0.820901436338761,0,51,1940.9855353135665,0.703055012949859,0.45101628284344775,22,0,3,device_406,152923.21326166412,18,MEDIUM,False
407,49,salaried,110,67618.38782261661,40576.386325947395,0.0,62,0.8707924698393457,0.5412170273826563,2,93,2617.831375867574,0.19685918563875332,0.7201492150401813,62,1,0,device_407,662343.5314611059,18,LOW,False
408,34,freelancer,34,60206.880534777934,46857.17368195865,0.0,10,0.553089431421595,0.5,2,31,9069.130390056513,0.5327244756718067,0.6781181344817022,28,0,4,device_408,188680.5942307477,36,MEDIUM,False
409,51,small_shop_owner,70,74633.89598650433,57314.979042164734,0.0,74,0.697571337766925,0.6320075801647955,1,20,17194.49371264942,0.08705560485392883,0.44394277502782525,74,2,2,device_409,238947.32815590737,6,MEDIUM,False
410,34,online_seller,43,67418.81813292274,46672.13340987962,0.0,45,0.46693784194553556,0.8002498003658707,0,28,10001.171444974205,0.6084357217723093,0.8002539837063417,53,0,3,device_410,556067.3098308922,36,LOW,False
411,35,driver,58,36775.76231361285,17341.111576387295,0.0,16,0.5835562817894653,0.869999609991358,0,61,1705.6831058741602,0.3585083349267688,0.771010176974274,56,1,2,device_411,327533.30273881543,18,MEDIUM,False
412,48,small_business_owner,40,127015.17456887302,73182.81937876694,0.0,96,0.7790721018540405,0.7732651587723165,0,63,6969.792321787328,0.386821928489116,0.5523358658973906,96,0,1,device_412,284366.8964361188,6,LOW,False
413,47,informal_worker,2,28500.727185834075,14395.07101770715,0.0,3,0.2297342254883349,0.5,1,40,2159.2606526560726,0.5797327292665716,0.0,31,3,8,device_13,234123.33403009712,24,HIGH,True
414,55,salaried,78,130008.99349831895,66430.78562372773,0.0,37,0.6759153255977262,0.6226313847239535,4,36,11071.797603954621,0.3631000684036192,0.9307495658578828,59,2,10,device_14,1405533.922036879,18,LOW,True
415,30,freelancer,11,60532.935191673154,40632.672251682496,0.0,47,0.5662562549879919,0.8876096420909294,0,30,8126.5344503364995,0.5639778194973842,0.599514724952762,47,0,0,device_415,456528.0505885683,12,LOW,False
416,47,small_shop_owner,41,76911.79965714781,31793.077789458683,0.0,66,0.7221294945685148,0.7927542193275987,0,32,5961.202085523503,0.12309034980058203,0.3796710596531694,66,1,1,device_416,729307.530881184,12,LOW,False
417,24,online_seller,40,93213.54571717608,57508.52805674777,0.0,17,0.6203313061457593,0.6153710860819471,1,76,4540.146951848508,0.4024678102251468,0.7799868472561065,17,1,2,device_417,877733.9985473555,6,MEDIUM,False
418,48,driver,13,35592.411922288506,24033.671639904744,0.0,30,0.5546110911586688,0.9397074274803755,0,81,1780.2719733262772,0.4000706112783754,0.6827946388997741,30,1,1,device_418,210542.3211633699,12,MEDIUM,False
419,53,small_business_owner,37,156998.25942519086,80542.67329467386,0.0,37,0.8171810143273844,0.8066309579640999,0,58,8332.000685655918,0.12807823339592828,0.44942254094536715,37,0,1,device_419,849435.7430010991,24,LOW,False
420,26,informal_worker,10,39099.137205541,22763.544193709527,0.0,2,0.3043828799460428,0.5,0,21,6503.869769631294,0.7911973945652052,0.197514738526622,42,0,1,device_420,305530.3918031189,12,HIGH,False
421,48,salaried,51,109403.92720494038,72305.66841184617,0.0,92,0.8636950136311421,0.6648259717700086,0,72,6025.472367653848,0.07473124054793727,0.5923911754510852,92,0,3,device_421,462877.0957913259,24,LOW,False
422,24,freelancer,12,44521.25526374059,21903.003897077884,0.0,14,0.48414623075835433,0.6135566763190784,2,95,1383.3476145522873,0.603006207850439,0.9703921768915733,49,1,1,device_422,178293.8470083319,24,MEDIUM,False
423,55,small_shop_owner,52,57740.61716905881,26752.065313316325,273342.056675533,29,0.6337482074726399,0.849398694824821,0,30,5350.413062663265,0.5189947312153782,0.14062256657448702,29,0,4,device_423,183881.75396866183,36,LOW,False
424,39,online_seller,21,30954.789208511676,22166.8471819862,116839.37833797601,47,0.6582999938516869,0.9132553074521984,0,58,2293.1221222744343,0.18336944718560144,0.9051769866456193,47,0,1,device_424,256076.09412657208,36,MEDIUM,False
425,28,driver,53,36073.1392585689,14551.204501189317,253783.47065848354,28,0.5236230922779458,0.25393811129309807,2,26,3357.9702695052274,0.6631231081381893,0.5905089060154626,53,0,1,device_425,368901.21090152004,12,MEDIUM,False
426,33,small_business_owner,54,81507.10059381044,45649.03866895767,0.0,87,0.5394782984304056,0.4081871179586628,4,29,9444.628690129173,0.46220420819837543,0.628951228549807,87,0,2,device_426,971639.7780525351,6,MEDIUM,False
427,38,informal_worker,9,18910.550391443754,11287.451731594205,0.0,12,0.2543502701531638,0.5,3,92,736.1381564083176,0.8740934351245746,0.08660739399621195,29,0,3,device_427,52871.65749729411,18,HIGH,False
428,30,salaried,84,144635.73305509897,107810.98079183976,959677.6942774014,110,0.9658954134781037,0.6048537787665172,1,95,6809.114576326721,0.0983347100230139,0.7040883448540869,110,0,2,device_428,1216395.276043582,6,LOW,False
429,23,freelancer,9,112100.73662372507,51156.88435750897,0.0,56,0.4612750634021048,0.568024068456741,1,56,5481.094752590247,0.5528167014213708,0.7099421460693341,56,1,2,device_429,267462.89845469926,36,LOW,False
430,55,small_shop_owner,63,83338.46302520687,48951.72100437269,0.0,22,0.522553835607569,0.7122012991756369,0,88,3337.617341207229,0.43183567941745443,0.2186201933140591,42,2,2,device_430,740289.7320497994,12,MEDIUM,False
431,29,online_seller,8,45380.59250772778,32382.728910773196,0.0,35,0.6948820108337717,0.6252818642348367,1,39,4981.958293965107,0.34874155964633385,0.8415672198385752,37,0,1,device_431,503015.5268025625,18,MEDIUM,False
432,42,driver,54,28656.811086388534,12560.328427285158,0.0,44,0.7458816306467673,0.9735883438631859,0,28,2691.498948703962,0.3519641499198878,0.7291776806645671,44,0,3,device_432,251341.3569249056,24,LOW,False
433,57,small_business_owner,54,165836.04138399148,96604.53046863637,1221307.522647865,31,0.9324698914323417,0.6171018156474427,1,75,7728.3624374909095,0.11323411512729499,0.5224729675239257,31,0,3,device_433,512896.78901292104,24,LOW,False
434,21,informal_worker,20,38831.52675278569,28814.69245985536,0.0,21,0.2720075457677993,0.7591611656517917,0,42,4116.384637122194,0.9087514864514314,0.1784510705154323,21,2,1,device_434,168716.7733305818,6,MEDIUM,False
435,47,salaried,25,103258.3225481168,51923.179186841306,0.0,32,1.0,0.8019147661428688,0,64,4867.798048766373,0.0,1.0,36,0,4,device_435,835905.5597208141,36,LOW,False
436,45,freelancer,22,86815.5828314283,45622.70499384397,0.0,16,0.4753664718820152,0.4802894130564633,3,54,5069.189443760441,0.5058475880171128,1.0,49,1,1,device_436,339493.9589926348,6,HIGH,False
437,29,small_shop_owner,54,59241.52188927248,47115.069446346526,256699.97041883136,66,0.7257102780655195,0.7025012103161921,0,28,10096.086309931397,0.40108577064478945,0.6552349105079285,66,1,3,device_437,284633.72613710345,36,LOW,False
438,35,online_seller,32,81177.20881024934,49675.058019707925,0.0,35,0.4831731000155885,0.8246946705244812,0,83,3590.96804961744,0.546482032127542,0.895148437620422,57,1,3,device_438,484016.9537507255,36,LOW,False
439,27,driver,22,58733.61814158632,26319.02678540109,0.0,9,0.46962495159075035,0.5,4,34,4644.534138600192,0.5635221380423392,0.6737168266341603,17,0,1,device_439,601315.8103252072,36,MEDIUM,False
440,57,small_business_owner,25,65472.01413175416,36270.41482416893,288978.2853523617,55,0.7572385232307902,0.7564963120725644,0,66,3297.310438560812,0.0,0.5264143747671202,55,6,5,device_40,135388.38251952108,12,LOW,True
441,20,informal_worker,36,19588.295594262785,9723.600613199218,0.0,22,0.22339547975996,0.6361167501301878,1,73,799.2000503999358,0.6259519944361285,0.04935641547586203,22,1,1,device_441,76646.87664201132,18,MEDIUM,False
442,54,salaried,116,93952.67871441258,62537.68850642259,331702.12454268226,52,0.8860731293332414,0.732544857187541,0,29,12938.83210477709,0.11768435660034511,0.6527963756817861,52,0,2,device_442,465168.0366955318,18,LOW,False
443,43,freelancer,9,55406.530596682234,24326.098975633264,409275.56609196117,17,0.5385469475848244,0.9723106507521171,0,86,1697.1696959744136,0.5317670721387806,1.0,17,0,3,device_443,414452.75973202125,24,MEDIUM,False
444,57,small_shop_owner,48,69601.46682488467,32090.679599887128,0.0,51,0.6663545618498434,0.6592672439971866,2,90,2139.378639992475,0.4134802432850674,0.42633580925732323,51,3,3,device_444,822013.8480585347,6,LOW,False
445,29,online_seller,39,35991.96869759378,17037.991657264647,0.0,22,0.5991412756355528,0.3687462739161323,1,51,2004.4696067370173,0.41540144610502316,0.8444434401002849,32,0,3,device_445,81502.69829962315,18,MEDIUM,False
446,37,driver,55,45572.839177323025,33674.622998832514,0.0,15,0.7307046416606687,0.711048000573034,0,89,2270.1993032920795,0.32718822319645474,0.6690063485790699,51,1,0,device_446,468730.44108918397,12,MEDIUM,False
447,59,small_business_owner,76,156301.50799482604,75953.44279147525,350425.00592980615,27,0.7820298374508965,0.7652485012800067,0,64,7120.635261700804,0.0,0.779317906762947,43,0,0,device_447,1258385.9764474742,6,LOW,False
448,18,informal_worker,25,41008.23128491537,28652.341424626018,0.0,23,0.21821081578614943,0.5592267803459261,1,33,5209.516622659276,0.7709752851747089,0.3668150928832008,23,1,3,device_448,467889.88916032965,36,HIGH,False
449,38,salaried,86,130656.46754071614,95200.36262257703,0.0,19,0.7910156414979524,0.5485588773263727,2,38,15031.636203564794,0.42328506396053855,0.6295353303494294,48,1,2,device_449,675827.3939832634,18,LOW,False
450,29,freelancer,60,44134.85439289054,20452.729865717156,0.0,39,0.320692360208761,0.6702354565605352,4,67,1831.5877491687006,0.47588275384014667,0.6136626152796316,39,1,1,device_450,188383.93360619052,6,MEDIUM,False
451,60,small_shop_owner,29,63321.01298733696,29651.392433902023,0.0,93,0.774094148659699,0.7530214639927635,0,29,6134.770848393522,0.14493336776357255,0.4281700507063783,93,0,0,device_451,734039.6205552096,36,LOW,False
452,24,online_seller,18,79287.30525401459,50418.13254182605,372608.8425776838,21,0.618706706963612,0.7968482210536053,0,60,5041.813254182605,0.23742128293070108,0.9162106036262969,54,0,1,device_452,459834.61769922724,24,MEDIUM,False
453,45,driver,26,37259.53297342647,21643.063245014124,0.0,23,0.6460837884557241,0.5598724949936699,2,49,2650.1710095935664,0.28330335032566534,0.5472694685627093,23,1,0,device_453,148696.20593924588,12,MEDIUM,False
454,54,small_business_owner,98,179365.11952117353,140729.8497628458,624277.5226396234,37,0.7135053165812226,0.7052062817307333,0,41,20594.612160416462,0.20114513541264323,0.4995844629549764,37,1,1,device_454,1372272.8148921365,24,LOW,False
455,25,informal_worker,35,18450.328104842934,12507.99941800905,0.0,11,0.40848277401561084,0.5,2,46,1631.4781849577023,0.4645881154600787,0.4304235159282418,31,1,5,device_455,117487.47703688372,18,HIGH,False
456,52,salaried,39,61373.83556814268,29953.60464210448,226568.95901739862,23,0.9184416569426977,0.6355414427962219,0,58,3098.648756079774,0.21306774406808265,0.8926886078027708,55,1,4,device_456,178894.27130890012,36,MEDIUM,False
457,32,freelancer,15,54497.44348908938,39462.76069683435,0.0,11,0.5081348883346765,0.5,0,65,3642.7163720154786,0.5633825506781294,0.7923321960476934,28,5,6,device_57,433899.20032748365,36,MEDIUM,True
458,47,small_shop_owner,45,45203.928639174555,29864.966232980354,283682.15626050066,34,0.6466431287412316,0.41907842770335024,4,71,2523.7999633504523,0.3284199087415202,0.22554360245730976,57,2,9,device_58,491621.23488980584,24,MEDIUM,True
459,37,online_seller,18,71009.64857032179,47553.517536013765,0.0,9,0.5418932894564583,0.5,3,37,7711.381222056286,0.4081928153965051,1.0,10,0,0,device_459,791462.490470469,6,MEDIUM,False
460,46,driver,20,39461.80675809792,22187.31230147828,239821.67305784658,11,0.5798249557869214,0.5,0,71,1874.984138153094,0.5607463493146613,0.6726331161520263,26,1,5,device_460,434044.1785124978,6,HIGH,False
461,38,small_business_owner,33,108975.56518463962,60492.96081784455,0.0,26,0.6606909799298538,0.7928134019355718,0,45,8065.72810904594,0.24384720987514016,0.6777328425668117,60,0,0,device_461,512156.4269820455,24,LOW,False
462,23,informal_worker,22,21645.81455707101,12671.874049600237,104374.9118544205,3,0.32876976070117175,0.5,5,79,962.420813893689,0.7532042110246377,0.17067910346210394,6,1,2,device_462,185154.6611081999,12,HIGH,False
463,38,salaried,116,137510.90045343473,63512.70128553514,0.0,62,0.8370787850470558,0.7005933542807978,0,68,5604.061878135453,0.2501365255213497,0.7486054664059799,62,0,2,device_463,595495.3382402846,24,LOW,False
464,28,freelancer,17,107873.41811444088,44029.68383776712,606996.5926013195,23,0.36639971075650724,0.8424034092749664,0,39,6773.7975135026345,0.5237086637706734,0.9031140132689757,23,0,1,device_464,1088418.7865224723,36,MEDIUM,False
465,43,small_shop_owner,94,68358.17239277705,43865.69942263492,0.0,49,0.7399227950071159,0.5170630401632288,2,90,2924.3799615089947,0.28599057050131804,0.327299911189984,49,0,1,device_465,292421.45622205944,6,MEDIUM,False
466,32,online_seller,11,61423.82058149531,37767.52504543389,197859.21765229033,29,0.6687641139358907,0.800914582179571,0,87,2604.6568996850956,0.5304395496600401,1.0,29,1,3,device_466,428523.01064688654,36,MEDIUM,False
467,34,driver,56,49847.657570198615,30581.047690962154,0.0,48,0.607693939897422,0.6126680846694802,2,89,2061.643664559246,0.32868368883738497,0.5152409289673211,53,0,2,device_467,358373.43548290746,24,MEDIUM,False
468,48,small_business_owner,88,138420.62046398703,81456.24739148568,0.0,65,0.7101310283221252,0.7785877092740693,0,43,11365.98800811428,0.21111218470526527,0.46923378885461053,65,0,2,device_468,1278426.136034659,18,LOW,False
469,19,informal_worker,18,34923.77217850051,19928.788217647034,0.0,1,0.38985117045515644,0.5,5,80,1494.6591163235275,0.7196286797675762,0.0791012403410877,36,0,3,device_469,144844.4251439503,18,HIGH,False
470,32,salaried,44,75848.03591494686,52891.35097593475,266410.1068152241,24,0.8101200189756163,0.3782746636813242,1,50,6346.96211711217,0.3444037523007524,0.8516259602530469,24,0,0,device_470,245423.37888078962,36,LOW,False
471,45,freelancer,9,48082.25971930068,24068.63583921664,0.0,54,0.3755513550111134,0.8639120985690684,0,48,3008.57947990208,0.5118831482088282,0.7401076785371747,54,1,2,device_471,476957.27129009605,24,MEDIUM,False
472,39,small_shop_owner,34,41994.96540692878,21076.777604831655,0.0,42,0.48359493675941745,0.492039441952351,3,65,1945.5487019844604,0.6232842953800117,0.207100044022526,42,0,3,device_472,364592.16865886754,6,MEDIUM,False
473,31,online_seller,39,60609.715377123226,34027.4729701886,171028.483169578,39,0.4782818099277529,0.6148268012334077,1,44,4640.109950480264,0.4930189714931473,1.0,56,1,0,device_473,244299.93913773267,24,MEDIUM,False
474,27,driver,37,37119.31177757757,24567.359982355192,232214.17429777354,5,0.6186435887029436,0.5,2,49,3008.248161104718,0.3175260871539681,0.5637072713013325,41,1,0,device_474,400343.19141524745,12,MEDIUM,False
475,45,small_business_owner,24,99350.85944933494,55296.87107515134,0.0,66,0.5668381883788564,0.8571331414330859,0,45,7372.916143353513,0.5022543408341444,0.6026954260828306,66,4,9,device_75,1112842.7003467507,12,LOW,True
476,29,informal_worker,21,35694.63213986286,21157.45426301969,98020.02646625365,1,0.2969747338274579,0.5,1,95,1336.2602692433486,0.8942258130778118,0.37460902288789066,48,0,3,device_476,319548.93242611486,12,HIGH,False
477,52,salaried,91,118417.2541816996,63956.52494568278,0.0,58,0.7048397087117113,0.8130673109206967,0,67,5727.449995135772,0.1549233629459062,1.0,58,0,3,device_477,1063525.400840848,24,LOW,False
478,32,freelancer,25,61797.374722647684,45279.80904279199,487137.877216578,26,0.4702133195043139,0.7109805072239368,0,40,6791.971356418798,0.45466112112621876,0.8208414214556023,49,1,5,device_478,512128.06094692234,24,LOW,False
479,59,small_shop_owner,95,75275.98120841329,53504.55317639731,544604.9292564947,52,0.603218508703684,0.9962121589678674,0,91,3527.7727369053173,0.4948077865684844,0.7848477362253445,52,0,2,device_479,597941.0067630477,36,MEDIUM,False
480,27,online_seller,45,38642.45016115152,30605.62340918402,0.0,40,0.5822504660289906,0.6821729390362898,2,68,2700.496183163296,0.39344172836308866,1.0,40,0,4,device_480,411130.864144358,18,MEDIUM,False
481,45,driver,6,34609.060465915565,25252.07860668686,0.0,47,0.49776656817182563,0.7517680968444622,0,70,2164.4638805731597,0.5990128787285169,0.6598488236252543,57,1,2,device_481,73248.3112420528,36,LOW,False
482,49,small_business_owner,64,138787.1606628605,96389.34290725995,753341.8668964821,102,0.7686956632098677,0.43329608341827786,2,92,6286.261493951736,0.09409641806317087,0.7769913195057696,102,4,9,device_82,992230.3473965429,24,MEDIUM,True
483,22,informal_worker,16,36747.30815508253,21108.36373247219,0.0,11,0.38652897561352495,0.5,2,41,3089.0288388983695,0.6069609705109447,0.6084423031586454,43,0,1,device_483,104324.85843830017,6,HIGH,False
484,46,salaried,105,138439.11126373138,82232.40484416284,0.0,105,0.987913832403954,0.9601349842923357,0,77,6407.7198579867145,0.0,0.5624195979802545,105,1,3,device_484,1448238.1032418816,18,LOW,False
485,44,freelancer,10,51622.88077966293,27180.321195778168,405571.2145308902,28,0.5687238450395289,0.9280503110721732,0,33,4941.876581050576,0.48928344436822646,0.8136951756589503,49,0,2,device_485,265862.1079066154,6,LOW,False
486,56,small_shop_owner,65,82252.16978631783,40413.96581416611,0.0,33,0.6099313814951349,0.7732015516167217,0,83,2921.491504638514,0.3372692163283037,0.6029603740249612,59,4,11,device_86,550962.4044886716,24,LOW,True
487,32,online_seller,9,53054.74669749683,24155.446018943716,0.0,33,0.47249550369837606,0.7681257470298541,0,93,1558.415872189917,0.4532658592585505,0.9326004391517699,44,0,3,device_487,151868.77275900234,12,LOW,False
488,24,driver,57,45174.19430087716,32380.918963033906,178252.03939982338,5,0.7103645738960739,0.5,1,60,3238.0918963033905,0.2137872661914451,0.5331672144732109,19,1,4,device_488,237566.63518580573,6,MEDIUM,False
489,35,small_business_owner,72,197898.7358255989,153392.46264669014,0.0,44,0.6425409969311957,0.9017878868656871,0,90,10226.16417644601,0.3484382855680207,0.6741936959361429,60,0,3,device_489,1426484.9326130196,6,LOW,False
490,48,informal_worker,2,31566.668405215398,20972.563930476816,0.0,13,0.22664568369026517,0.9585942170806686,0,41,3069.1556971429486,0.94732084150678,0.21279261030998603,41,0,2,device_490,234912.869536944,24,MEDIUM,False
491,28,salaried,66,72130.72064256943,43165.20095996808,0.0,38,1.0,0.7393401248755015,0,72,3597.1000799973403,0.0,0.9531322082855189,47,1,5,device_491,339709.15579887293,36,LOW,False
492,45,freelancer,40,108432.65296834304,44756.002360865205,0.0,22,0.4067136888206407,0.7734147201456504,0,58,4629.9312787101935,0.622474313790991,1.0,22,0,2,device_492,950023.7851448518,6,LOW,False
493,59,small_shop_owner,31,75065.90200572257,30027.94700281825,0.0,18,0.6966807104250544,0.5473111862829764,3,74,2434.698405633912,0.5016826548185476,0.4017820651776688,18,6,8,device_93,825314.375050076,18,MEDIUM,True
494,40,online_seller,41,92321.17899794641,51107.11743650476,592785.14971619,33,0.620754235093417,0.6339674467043837,2,23,13332.291505175155,0.37834913233020906,0.8078856432408985,33,1,5,device_494,600332.4932493739,12,MEDIUM,False
495,24,driver,36,26481.707238140618,17303.521363485397,0.0,10,0.5521745061939523,0.5,1,70,1483.1589740130341,0.37627419525752487,0.7682248817774893,33,0,1,device_495,87311.84598674752,24,MEDIUM,False
496,38,small_business_owner,35,153108.4869028572,100027.82506537378,0.0,106,0.3955343460756837,0.7968097144848819,0,43,13957.37093935448,0.6268583413189769,0.30802120704617036,106,1,2,device_496,1134821.817427394,24,LOW,False
497,46,informal_worker,3,36645.35339530271,15949.913071266541,0.0,8,0.2882332697807147,0.5,4,53,1805.650536369797,0.7183604895620841,0.0,17,0,7,device_497,170446.062880549,18,MEDIUM,False
498,29,salaried,120,105464.91403704592,73742.53340737225,0.0,101,0.8982726761951827,0.7922528332019247,0,30,14748.50668147445,0.0,0.577249377499562,101,0,3,device_498,1059941.0462270023,18,LOW,False
499,35,freelancer,54,98031.16813294661,47433.78929575494,716416.6694237364,43,0.3729768160972453,0.310004006653421,2,27,10540.84206572332,0.6866129297547913,0.9414577169910193,56,1,2,device_499,816283.0240297681,24,MEDIUM,False
500,54,small_shop_owner,80,64782.84551673684,47768.999244271225,0.0,72,0.5555522466808972,0.6388858733525031,2,50,5732.279909312547,0.4128394572068055,0.4471508024697146,72,1,3,device_500,314101.3604724175,18,LOW,False
501,21,online_seller,35,86390.65785088635,61902.45609572088,0.0,39,0.6040024196989244,0.7889850583900521,0,93,3993.7068448852183,0.4776197675567948,0.7912147582615215,46,0,2,device_501,432519.7014479958,36,MEDIUM,False
502,46,driver,34,43720.54645155644,32818.35809017195,0.0,14,0.7679988529689787,0.6519951028135671,4,41,4802.6865497812605,0.14233449759768307,0.14532092512648664,16,0,2,device_502,219004.5560679929,12,MEDIUM,False
503,43,small_business_owner,34,84841.00471857512,52085.622769949136,0.0,111,0.5829075106192546,0.9184617589039165,0,100,3125.137366196948,0.37199308767781447,0.6440924081914743,111,0,0,device_503,677186.0062851285,36,LOW,False
504,22,informal_worker,6,30523.830281528735,23495.466185896705,0.0,12,0.12847147825470004,0.5,2,90,1566.3644123931138,0.9491513722177105,0.12740998325731506,23,0,2,device_504,275062.78954057087,18,HIGH,False
505,54,salaried,25,86671.32691925227,59822.9158822998,0.0,112,0.7943290551636776,0.558055808685764,2,95,3778.2894241452505,0.08757369646988386,0.5272478336448484,112,0,1,device_505,337090.63037466083,24,LOW,False
506,26,freelancer,15,70415.5998380142,52706.69193785744,0.0,42,0.5621346739969102,0.38724803331742097,6,32,9882.50473834827,0.3837699356551165,0.4754295497976458,42,2,5,device_506,219866.42378352289,36,MEDIUM,False
507,46,small_shop_owner,80,79237.61793534449,60196.82807527638,0.0,56,0.4487993687938423,0.9758891175385008,0,53,6814.735253804873,0.6003915329488817,0.23904171555641104,56,0,3,device_507,567867.6880942537,24,LOW,False
508,35,online_seller,5,95031.46200017608,52380.13897062792,454445.66230076086,14,0.7152749703514226,0.857375313262418,0,38,8270.548258520199,0.45921117031092673,1.0,42,0,2,device_508,636173.7366438513,36,MEDIUM,False
509,34,driver,8,38842.11766642496,20544.970393447587,0.0,28,0.8284882399032352,0.765525142222672,0,62,1988.2229413013793,0.26926628028219635,0.5852495486711251,47,0,2,device_509,440241.7355759503,12,LOW,False
510,45,small_business_owner,58,112757.50065699073,64986.88852687296,654608.995799534,71,0.6596620254031317,0.5279256741336761,2,58,6722.781571745479,0.4013259793159102,0.5940110304939954,71,6,10,device_10,784990.5744472763,18,MEDIUM,True
511,24,informal_worker,15,18071.833883795298,7673.342134390523,0.0,4,0.4193103673332268,0.5,0,76,605.790168504515,0.4274212355743998,0.030711399035444842,52,1,0,device_511,76104.69651532135,18,MEDIUM,False
512,38,salaried,101,73006.37015162552,33113.972957480815,559428.3462462971,94,0.7278922479039531,0.6048736404879482,2,76,2614.261022959012,0.2080923064125857,0.922561586530556,94,0,2,device_512,322619.3640597392,24,LOW,False
513,38,freelancer,29,101799.82768770511,47680.79535879138,230416.54798917504,58,0.49456635202512955,0.7423455086360914,0,40,7152.119303818707,0.5716872513147317,0.6765716147722352,58,1,1,device_513,1203974.5899867225,18,LOW,False
514,53,small_shop_owner,29,86631.24385539081,59682.38352716568,0.0,79,0.6807773431291784,0.8986006666935615,0,23,15569.317441869307,0.2518305191045175,0.6150751733740235,79,0,2,device_514,507200.3199859444,12,LOW,False
515,26,online_seller,6,37400.71923017944,24906.003020353633,139021.66084692362,18,0.4650895149009777,0.7833440691560227,0,26,5747.539158543146,0.33184622802641195,0.9517888971157213,26,0,3,device_515,295403.744247801,12,MEDIUM,False
516,48,driver,35,30666.346351832544,15324.52955959011,0.0,35,0.5594210621398212,0.9307742612914123,0,35,2627.0622102154475,0.4938253686390483,0.4283780284458716,46,1,1,device_516,73370.16991208657,6,LOW,False
517,45,small_business_owner,100,57127.663581066554,27862.19628196699,356327.8026789714,81,0.6146600525960888,0.4877884406586499,1,80,2089.6647211475242,0.44571036291617394,0.6161622201939101,81,0,2,device_517,127951.94008145377,36,MEDIUM,False
518,28,informal_worker,17,31618.252015639126,18345.953130933616,0.0,23,0.24474306538811474,0.8155770721656391,0,31,3550.829638245216,0.7489179494084042,0.2724185186090477,23,0,3,device_518,298319.0095365737,6,MEDIUM,False
519,30,salaried,97,130265.94570258027,63309.49806873587,0.0,111,0.9142044478830545,0.7225023444860954,0,48,7913.687258591984,0.08538826840480195,0.6938110521024909,111,0,1,device_519,1380383.3469521604,12,LOW,False
520,30,freelancer,47,78457.12451874847,47038.21656198326,0.0,32,0.42575132222304,0.8107839896314745,0,21,13439.490446280932,0.552737297759911,1.0,33,1,1,device_520,801072.3061096489,12,MEDIUM,False
521,28,small_shop_owner,40,41911.36300687705,19084.398869576493,0.0,44,0.5471938886974262,0.4671480734972374,2,59,1940.7863257196432,0.5559714887600913,0.18866213459642134,48,0,0,device_521,440860.5907588776,18,MEDIUM,False
522,32,online_seller,25,78157.39880830963,56037.50029461269,300184.2564394931,32,0.6387382364141134,0.7101481998929738,0,79,4256.012680603496,0.28858434980250225,0.8183573964705642,32,0,2,device_522,879477.5736287299,36,LOW,False
523,34,driver,43,51631.201553643405,41016.40330074988,159155.3954450584,9,0.5270982063446814,0.5,2,67,3673.110743350736,0.6091082893480664,0.5453318797576587,38,0,3,device_523,291842.37300631515,36,MEDIUM,False
524,39,small_business_owner,111,190683.04641423252,117640.68133765373,0.0,37,0.6136542762811606,0.6916016120328508,0,63,11203.87441310988,0.3981164655649352,0.34923580900077494,37,0,2,device_524,2146617.6233776566,18,MEDIUM,False
525,34,informal_worker,20,42910.53531399203,30636.113716002164,137316.00986311608,6,0.4799064234023653,0.5,0,50,3676.3336459202596,0.5842645011167673,0.48260017063547866,60,1,3,device_525,441237.69115480944,6,MEDIUM,False
526,50,salaried,100,146139.63864000462,99187.6333026919,0.0,63,0.8275138916199948,0.29812585946676445,3,37,16084.481076112199,0.3192711528797362,0.6954605413604521,63,0,3,device_526,1600832.1777559088,6,LOW,False
527,31,freelancer,22,98375.97019573767,71264.15781933597,0.0,32,0.5444145171087258,0.9162093553341659,0,24,17816.039454833994,0.41697420528266005,0.9522831337721458,40,0,3,device_527,761392.1517838822,36,LOW,False
528,49,small_shop_owner,40,39318.9952267865,24543.535739555005,0.0,80,0.7127788027111646,0.7187519577387442,0,80,1840.7651804666252,0.15317233315219175,0.3520260583166866,80,1,2,device_528,161154.67289566156,18,LOW,False
529,25,online_seller,45,34071.74311046473,18701.915672849467,215469.25119793997,38,0.5691889545021648,0.24474990722278417,1,32,3506.6091886592753,0.5029229975854205,0.9979331151829816,38,1,2,device_529,344758.9190001398,12,MEDIUM,False
530,45,driver,57,28508.447959365698,19588.274839418074,0.0,38,0.7430874511937244,0.7434839566448627,0,43,2733.2476520118244,0.15531658248681884,0.5448966286847627,46,0,3,device_530,105057.80535320358,18,LOW,False
531,37,small_business_owner,69,190770.23185487188,85657.29483333335,0.0,52,0.919360261561007,0.632604392047799,2,59,8710.911338983053,0.015574076305373469,0.5510028655217083,52,0,4,device_531,404775.96397342166,18,LOW,False
532,55,informal_worker,19,22605.030483173192,12033.897274791927,0.0,14,0.3968025075870584,0.9470742366716792,0,80,902.5422956093945,0.5002612234140779,0.4362705981631867,14,0,1,device_532,212895.64082189617,36,MEDIUM,False
533,44,salaried,33,81062.53577761872,51493.719249016256,0.0,72,1.0,0.2979855811821558,2,84,3678.1228035011613,0.0,0.7598566210969788,72,0,2,device_533,521437.55113640486,24,LOW,False
534,35,freelancer,9,106414.17943996699,83029.10056608096,617789.2129279366,60,0.3637805108617347,0.9608480455612567,0,45,11070.546742144128,0.6528832786694492,0.9589925254643565,60,0,1,device_534,1080977.4231986576,24,MEDIUM,False
535,57,small_shop_owner,30,60911.06952487647,44312.51047364697,0.0,52,0.5450841058236223,0.6762531093166566,1,43,6183.140996322833,0.5661793246967078,0.3893319563754496,52,0,6,device_535,428332.3767430107,6,MEDIUM,False
536,40,online_seller,14,48214.79575550275,22700.360816428303,0.0,23,0.5259699194851752,0.6509611814826893,6,20,6810.10824492849,0.38340854731010365,0.9712969870811008,31,1,1,device_536,464835.4709457878,18,MEDIUM,False
537,46,driver,16,25033.00648846216,17594.70475121647,0.0,39,0.7094583804775557,0.8166750306203211,0,82,1287.4174208207176,0.020609384579214296,0.4231996145553717,53,1,1,device_537,59515.3012826023,6,MEDIUM,False
538,43,small_business_owner,105,72220.08830245747,47775.898409953974,0.0,78,0.7444853537557488,0.719370089893516,0,81,3538.9554377743684,0.11396223955288057,0.7466808408316706,78,1,1,device_538,185490.48696502266,6,LOW,False
539,30,informal_worker,24,31708.56274992526,21001.16809691723,0.0,0,0.33241773085969956,0.5,1,87,1448.3564204770503,0.8180764880518209,0.3172819763906183,15,4,12,device_39,134001.53927614444,6,HIGH,True
540,45,salaried,117,88765.6312957264,41457.86609152512,317539.89139673027,43,0.7284291681361871,0.6428216531756702,1,64,3886.67494608048,0.31748884859729926,0.6558133539250006,43,1,6,device_540,731380.4909701477,12,LOW,False
541,38,freelancer,43,41157.651320229204,18425.92782138538,242605.8518320159,25,0.4951902576957342,0.6041204760725865,5,25,4422.22267713249,0.4735260949991136,0.9546379007550361,25,1,1,device_541,409758.10089160706,18,MEDIUM,False
542,49,small_shop_owner,67,47748.46526891188,36315.57162243805,0.0,29,0.5558641208485148,0.5719032080729662,2,82,2657.2369479832723,0.2629369453952798,0.25739639598771175,29,0,2,device_542,340514.1221682638,12,MEDIUM,False
543,32,online_seller,4,34538.395315033384,24351.67635094988,157655.73885063326,17,0.4927848067077456,0.7439889878459386,0,36,4058.6127251583134,0.35191166550827235,0.7394662055654506,17,1,2,device_543,116129.70775303457,6,MEDIUM,False
544,27,driver,13,25649.97515677846,19377.45501967662,0.0,26,0.7445929585270379,0.7078526590381622,0,24,4844.363754919155,0.12609481643246506,0.6125808752641401,27,0,1,device_544,103929.29610538977,18,LOW,False
545,49,small_business_owner,30,54268.60877658837,35369.13037589218,0.0,100,0.746644459684026,0.8808339896301073,0,33,6430.750977434942,0.10305085438022588,0.7493540631555543,100,0,0,device_545,476991.4536626015,6,LOW,False
546,25,informal_worker,27,38712.22427648964,18484.915721133562,0.0,14,0.33992694076141755,0.9442767943145111,0,90,1232.3277147422375,0.8021348885159832,0.1813353823784285,19,6,7,device_46,348033.50883110095,24,MEDIUM,True
547,31,salaried,112,61058.858493029795,38781.7951066589,0.0,99,0.8852639865243712,0.815955026517188,0,58,4011.9098386198866,0.22967694284225348,0.8836583930204356,99,2,2,device_547,397698.7693249746,6,LOW,False
548,30,freelancer,45,118340.9492486914,51531.94384611683,0.0,44,0.30191635290773655,0.6074211737518374,2,73,4235.502233927411,0.7644677832178101,0.7706863695545945,56,1,0,device_548,743026.7439201832,6,MEDIUM,False
549,35,small_shop_owner,48,42903.038399395366,26125.77544087221,0.0,26,0.5191976745353568,0.4212328625986304,1,83,1888.6102728341357,0.46055002571773496,0.4261797112516727,26,1,4,device_549,504717.01653499604,36,MEDIUM,False
550,28,online_seller,36,67247.77936859026,39753.58064649857,0.0,15,0.528604457081245,0.9023466067805243,0,72,3312.7983872082145,0.42197538800248446,0.7277017188311306,21,0,4,device_550,601189.8406222283,12,MEDIUM,False
551,37,driver,19,33751.98654785536,19131.28384637704,0.0,47,0.5955703853685709,0.851366263952926,0,62,1851.414565778423,0.44802437760297636,0.48570881427973744,47,8,10,device_51,68226.57590519595,6,LOW,True
552,32,small_business_owner,38,104937.95089977112,67225.28741043016,0.0,97,0.6563433948570334,0.3336427251411196,3,39,10342.351909296947,0.4798173287746417,0.6085005441107507,97,7,13,device_52,502352.363345289,36,MEDIUM,True
553,24,informal_worker,17,44189.32141260915,20382.12027217157,159771.9067844131,20,0.25533569531853934,0.6901852553896966,2,57,2145.4863444391126,0.6940008213026688,0.23598091284270878,20,0,1,device_553,286446.9278497741,24,HIGH,False
554,51,salaried,46,130285.03370554384,95913.21431086634,0.0,17,0.9966956645344817,0.8611613124013311,0,66,8719.383119169668,0.0,1.0,54,1,2,device_554,709308.2635164974,18,LOW,False
555,25,freelancer,12,108238.71752241092,85415.78749978621,0.0,60,0.5788291656636004,0.9095357553047977,0,25,20499.788999948687,0.4424532742033964,0.7984471565138396,60,2,3,device_555,617307.243679209,12,LOW,False
556,38,small_shop_owner,54,62778.17901487248,38300.978689458345,0.0,57,0.5600173265713473,0.8568140895417674,0,99,2321.2714357247482,0.4514768506045659,0.6140992977392155,57,0,2,device_556,573738.9336390512,6,MEDIUM,False
557,30,online_seller,14,33501.31746315304,19929.9278672271,0.0,10,0.4949314873484161,0.5,1,78,1533.0713744020845,0.6086417593488781,1.0,20,0,0,device_557,351345.9716197502,24,HIGH,False
558,37,driver,57,33626.726835185764,13571.823138950667,0.0,29,0.7557801007541919,0.7483357274340641,0,41,1986.1204593586344,0.49020709774874616,0.7172245859190948,29,0,0,device_558,79780.71434001347,12,LOW,False
559,31,small_business_owner,44,114759.92357642738,66698.38040317631,0.0,37,0.6369179006092558,0.8448837747342703,0,95,4212.529288621662,0.17174887437585118,0.6929847710649347,37,0,3,device_559,1078509.5982079045,36,LOW,False
560,29,informal_worker,25,35367.09062579121,26504.94089855873,0.0,24,0.4843925742515286,0.8084950134876663,0,23,6914.3324083196685,0.5284525324731008,0.11130430416815816,58,0,1,device_560,269728.57366548205,12,MEDIUM,False
561,40,salaried,38,115124.05563873751,80032.0846854067,0.0,64,0.8948882736523361,0.7343014672384096,0,28,17149.73243258715,0.06400356457981546,0.8107290938887407,64,0,2,device_561,901866.0019712062,18,LOW,False
562,43,freelancer,39,48385.81127526124,35965.9735426103,0.0,55,0.6662931447189837,0.7593865205852904,0,92,2345.6069701702368,0.31218722292499823,0.971509716072433,55,10,10,device_62,472617.2523720779,18,MEDIUM,True
563,34,small_shop_owner,67,48971.16320025595,36429.232706040515,0.0,96,0.7753825244849748,0.5157415437764774,1,81,2698.461681928927,0.28627701412648093,0.23279151160674877,96,1,1,device_563,524572.7566482155,24,LOW,False
564,37,online_seller,42,67558.82697075595,47341.881627006376,191893.2379243053,6,0.5882921710057264,0.5,2,40,7101.282244050956,0.3932789288110024,0.9191240210117984,35,0,4,device_564,701368.1785555419,24,HIGH,False
565,49,driver,16,43364.09442327171,26973.899505891724,0.0,7,0.6625961414878639,0.5,2,61,2653.170443202465,0.37699528060794063,0.5824241992538437,18,0,3,device_565,474534.53993529285,18,MEDIUM,False
566,31,small_business_owner,88,82168.73439862423,35304.91770568402,0.0,52,0.6962312879257762,0.5858980199867795,2,68,3115.1397975603545,0.18812754769693596,0.9812011548045789,52,0,3,device_566,167121.2206079324,12,LOW,False
567,46,informal_worker,29,17975.83590338636,13725.538954568945,0.0,2,0.19827881420998406,0.5,1,77,1069.5225159404372,0.8465142531279549,0.2486955185644104,23,1,2,device_567,80415.14850950522,6,HIGH,False
568,48,salaried,107,86806.26135240195,50553.04773450752,210699.65630238928,14,1.0,0.5483725919905026,3,72,4212.753977875626,0.0,0.776590103561547,14,1,1,device_568,317493.046191939,36,LOW,False
569,24,freelancer,56,83046.36342992434,55215.397261166254,0.0,44,0.6248468039422759,0.8796777048917657,0,58,5711.9376477068545,0.4530159325219399,0.6316617531810648,59,0,3,device_569,475414.6355323811,36,MEDIUM,False
570,57,small_shop_owner,55,69870.04220787935,38125.36601953456,0.0,58,0.5822375041356679,0.688596944088618,2,48,4765.67075244182,0.35192422407028756,0.31082444560764894,58,0,2,device_570,455235.71741577645,24,MEDIUM,False
571,39,online_seller,41,90742.31730572114,52669.60213770832,0.0,33,0.5710685188295479,0.7744845116779061,0,66,4788.145648882575,0.3318307988293882,1.0,48,1,3,device_571,551586.2731963444,24,MEDIUM,False
572,46,driver,48,52835.04656790279,34464.929256236464,291933.21469413006,17,0.7241319816907914,0.9681099324118501,0,65,3181.3780851910583,0.21665659899023876,0.8656531725597091,56,0,1,device_572,264681.2423009266,18,LOW,False
573,41,small_business_owner,113,80370.1313143625,62979.44931166745,403009.33353692695,37,0.7659340995069112,0.6872922008586511,1,41,9216.504777317188,0.14132859992349547,0.7932650433755083,37,1,1,device_573,300080.4963785899,12,LOW,False
574,44,informal_worker,7,25461.084325289354,17961.746326048018,0.0,8,0.12644823896402735,0.5,0,44,2449.3290444610934,0.974589692364299,0.13313638103047268,10,0,2,device_574,125083.3111585091,24,HIGH,False
575,51,salaried,48,113633.41309050604,74741.9547663725,0.0,103,0.8409495851403236,0.6372645717534702,3,73,6143.174364359384,0.13539977731392408,0.2816192511979194,103,0,1,device_575,1019815.8691150368,36,LOW,False
576,36,freelancer,35,113979.79806914894,84428.79421047967,0.0,48,0.5006021135816692,0.5253657040775465,1,84,6030.628157891405,0.5069605642573711,0.870589837025504,48,1,4,device_576,374780.47750001564,24,MEDIUM,False
577,31,small_shop_owner,82,83900.0819036928,65033.54455274608,0.0,67,0.7085177848172317,0.8325140846182928,0,81,4817.29959649971,0.22476167673513575,0.5339176567340483,67,7,6,device_77,223041.793757311,12,LOW,True
578,25,online_seller,11,49661.82911473198,37946.04148267661,0.0,9,0.7305089350457891,0.5,2,96,2371.627592667288,0.19953098408397454,0.918593658003213,41,0,3,device_578,240631.729864788,18,MEDIUM,False
579,34,driver,32,46427.317214002556,21410.182332050426,0.0,41,0.7548116759269154,0.8181220904382694,0,51,2518.8449802412265,0.30651487853919895,0.7706665171002993,41,1,3,device_579,95510.70946258896,24,LOW,False
580,39,small_business_owner,81,183517.2704464714,136466.84322451858,451519.32808171614,41,0.7576299653040509,0.869576749571521,0,97,8441.248034506303,0.31174064594956763,0.8376741562735588,47,0,0,device_580,1743689.8613785093,36,LOW,False
581,53,informal_worker,21,27608.707801627657,17416.428117663447,0.0,22,0.2534297165340925,0.7008312579490977,0,90,1161.09520784423,0.7514900772469838,0.17105690156003495,43,1,1,device_581,243000.40136571115,12,MEDIUM,False
582,44,salaried,115,80107.12904366625,34633.41368626804,0.0,49,0.8383928784663677,0.9139840910182209,0,36,5772.235614378006,0.186826606957061,0.4044537127972898,49,0,2,device_582,279981.33687960636,12,LOW,False
583,44,freelancer,46,55569.540345965215,30912.611606882358,0.0,26,0.5898549500341217,0.7210702991773895,0,65,2853.4718406352945,0.38018330507480236,1.0,38,0,3,device_583,277784.2080040373,24,LOW,False
584,54,small_shop_owner,80,68805.35504141873,50894.47192002663,0.0,48,0.727370534781119,0.8237373868825417,0,74,4126.578804326484,0.16695090190389278,0.5296857958745903,54,0,1,device_584,544417.4905417482,6,LOW,False
585,20,online_seller,27,96405.93103945954,63299.76292877949,700052.9785177434,12,0.536410861447482,0.5,2,27,14066.61398417322,0.48630252142186287,0.9630096141960782,15,0,6,device_585,233307.91324929465,18,MEDIUM,False
586,27,driver,24,41111.44446722415,25759.881952597138,119071.37592752902,46,0.7405717600497366,0.8402756017713455,0,27,5724.418211688253,0.34425805788075026,0.6972378984488803,47,1,3,device_586,368210.6299114169,18,LOW,False
587,47,small_business_owner,28,105256.1761377101,72122.71927560243,0.0,69,0.7409140922775993,0.7941768315365005,0,33,13113.221686473169,0.36985801732064555,0.6849903222589088,69,1,2,device_587,965878.6546808399,36,LOW,False
588,53,informal_worker,25,40837.48155549195,29617.05756782338,0.0,7,0.3192004236968677,0.5,0,56,3173.256167981076,0.6926011727139229,0.0,47,0,2,device_588,100276.49965183255,6,HIGH,False
589,37,salaried,77,96739.96403294089,49292.59179251726,0.0,112,0.7119564455936919,0.7884017711424025,0,60,4929.259179251726,0.4358556770162566,0.47764048195063463,112,1,5,device_589,232188.61615401474,6,LOW,False
590,30,freelancer,18,65161.405776728425,44314.644619127816,0.0,45,0.2955443747062385,0.6743644810363443,4,76,3498.524575194301,0.7207890933615153,1.0,56,4,11,device_90,601088.7575632919,12,MEDIUM,True
591,51,small_shop_owner,87,59636.832944744034,44161.843209413375,0.0,81,0.7142207392885558,0.5017176206616485,1,45,5888.245761255117,0.3487153240543334,0.3551396372154918,81,2,3,device_591,519293.6994977243,12,MEDIUM,False
592,25,online_seller,46,90368.30466051624,67026.81110889128,192828.81289740978,7,0.5076098927667404,0.5,2,42,9575.258729841613,0.4409812267964698,1.0,50,1,2,device_592,474208.2290193953,36,MEDIUM,False
593,23,driver,33,36518.35581101658,22407.028391843312,0.0,20,0.7135100011597926,0.6506537250798645,6,36,3734.5047319738856,0.4628519196152865,0.729463167900787,20,1,2,device_593,294930.8510549523,36,MEDIUM,False
594,30,small_business_owner,66,143244.43670648203,64645.06531076522,0.0,83,0.6525549504531032,0.8553982842642702,0,39,9945.39466319465,0.49838995458716184,0.36525354427498546,83,3,1,device_594,836223.678177204,12,LOW,False
595,21,informal_worker,20,34833.9176047715,14546.24885838392,0.0,15,0.2258501750087275,0.5771174267054607,2,90,969.7499238922613,0.915741061193255,0.12096559919943363,25,1,3,device_595,222987.30545714323,6,MEDIUM,False
596,35,salaried,91,69952.77095675592,45545.76609184037,0.0,40,1.0,0.9133422157524486,0,86,3177.6115878028163,0.0,0.6548988459334476,40,0,2,device_596,270838.3222909846,36,LOW,False
597,39,freelancer,40,68091.49524454496,37071.72388282757,484354.2281155584,31,0.6541972347838634,0.8064693001419327,0,48,4633.965485353447,0.3796785814441732,0.7807402601123588,59,0,2,device_597,322128.2332483648,12,LOW,False
598,49,small_shop_owner,58,59108.30265878946,40825.74612745946,435596.499997283,49,0.4455726678902444,0.5118680729061208,1,99,2474.287644088452,0.4567653005234,0.4240403286126365,49,0,1,device_598,475372.323868689,24,MEDIUM,False
599,40,online_seller,3,48373.911830153374,24096.216092295275,0.0,10,0.6184486133552997,0.5,1,77,1877.6272279710604,0.3592488185180601,0.992305431569333,18,1,3,device_599,364657.5025903386,36,MEDIUM,False
600,29,driver,8,29614.281623122995,19715.34422610926,0.0,46,0.6225422000247037,0.903905948283466,0,68,1739.5891964214052,0.42120024854758975,0.48741792164954273,53,0,0,device_600,209928.60945179776,6,LOW,False
601,47,small_business_owner,116,191725.3179531106,136478.41312942308,1076079.6248341168,60,0.6951234348156884,0.6027456616446293,1,86,9521.749753215563,0.24769887432337287,0.32173820047698903,60,0,1,device_601,1982422.0762402844,18,MEDIUM,False
602,50,informal_worker,29,31974.539785784043,16788.632619364646,98142.60744532013,15,0.35143771366138565,0.5438610630336201,2,44,2289.3589935497243,0.6212601645970216,0.1549332593403253,23,1,0,device_602,151518.3335253127,36,HIGH,False
603,28,salaried,45,72004.97553839337,31985.801511680413,0.0,110,0.942193371217351,0.7149287932635434,0,20,9595.740453504124,0.2100505197583035,0.6371372722019386,110,0,2,device_603,850650.2949862564,6,LOW,False
604,42,freelancer,55,114637.00388536636,56944.920447085984,0.0,19,0.477672841156669,0.4939581706799903,2,74,4617.1557119258905,0.4890117256356013,0.5985160028077523,56,1,2,device_604,280167.4093985388,6,MEDIUM,False
605,55,small_shop_owner,94,44338.59517530211,29308.28809955271,0.0,21,0.5975289134931075,0.7700856136425931,0,39,4508.967399931186,0.29099370040316774,0.5774070147811605,21,0,1,device_605,479387.71143171214,24,LOW,False
606,21,online_seller,8,71317.73556817861,34000.779301961506,391294.5601146485,7,0.5228441696206165,0.5,2,52,3923.1668425340204,0.40406926836101137,0.9286273127642306,38,0,1,device_606,802712.7260210591,6,MEDIUM,False
607,29,driver,22,43558.6634228185,29691.07763361604,0.0,29,0.5851442876711349,0.8144023651955775,0,100,1781.4646580169624,0.27617889124509654,0.5832699575709739,29,2,5,device_607,216162.37330363042,24,MEDIUM,False
608,42,small_business_owner,110,116587.50470698097,69216.2791161729,0.0,39,0.7245212173468354,0.7180470172264692,0,99,4194.926007040782,0.24852797398057952,0.610372472420482,39,0,1,device_608,727148.2829447009,36,LOW,False
609,22,informal_worker,23,41080.20323722066,20337.966647934376,102171.67122891275,16,0.27170026527001395,0.3704102364195816,0,58,2103.9275842690736,0.6251522803389116,0.30025309517651877,41,4,10,device_9,247603.68251786623,6,HIGH,True
610,54,salaried,80,128499.95296367322,76202.44625052258,0.0,60,0.7316267432385951,0.6765205409290925,2,23,19878.899021875455,0.11639437642620565,0.5991737213124929,60,1,3,device_610,1337088.1163048572,12,LOW,False
611,26,freelancer,53,43363.58368607557,27722.126739833468,0.0,31,0.3770473748782614,0.5411274602038654,1,89,1868.9074206629302,0.6988507946677498,0.8672117511519338,31,1,1,device_611,334067.0209956306,12,MEDIUM,False
612,51,small_shop_owner,13,81108.58013263618,50466.049848490045,0.0,82,0.6290621497849801,0.8528983770353556,0,38,7968.323660287902,0.6286432831720231,0.4261732299231604,82,1,0,device_612,819252.874260267,6,MEDIUM,False
613,39,online_seller,28,59672.98263978987,36023.66269046275,0.0,37,0.44367787592021796,0.6432987389373134,5,30,7204.7325380925495,0.5428601386025067,0.9671956811829037,37,7,6,device_13,585684.502470919,12,MEDIUM,True
614,50,driver,52,57109.904848157545,38374.12700408027,392124.03872794146,25,0.5526584641495547,0.7810258655437847,0,85,2708.761906170372,0.5871259665535952,0.7786759567410143,25,0,0,device_614,562213.6279623281,12,MEDIUM,False
615,49,small_business_owner,56,184963.94230523863,98856.54367395633,696561.3453254584,48,0.8994344949719849,0.7107891056932629,0,92,6447.16589177976,0.1636879407251934,0.42731600137392833,57,0,5,device_615,679002.7945373075,6,LOW,False
616,53,informal_worker,30,42106.77911091846,20867.893828807548,0.0,20,0.2611520093228519,0.7312484664497211,0,57,2196.6204030323734,0.5679253507568885,0.25875470240157095,45,0,0,device_616,132870.76214872338,6,MEDIUM,False
617,31,salaried,116,97653.20191188063,75347.13001845457,0.0,86,0.8803487085573831,0.6881568353849736,3,62,7291.657743721409,0.13670782976341683,0.6947722074263492,86,1,2,device_617,539466.5848068907,12,LOW,False
618,29,freelancer,12,105183.36013087168,57185.81165240243,0.0,24,0.4953619514097927,0.6360370961182253,4,44,7798.065225327605,0.6259559674293663,0.879933758034056,24,1,3,device_618,564525.0565592964,24,MEDIUM,False
619,47,small_shop_owner,86,84801.92126202292,35172.21721733238,0.0,31,0.5452178575756779,0.8341910176438653,0,66,3197.4742924847615,0.3991801402085085,0.3300177330692513,54,0,2,device_619,562970.4623620454,18,LOW,False
620,25,online_seller,3,53019.170174629275,35066.644428264895,194981.50941309606,23,0.5367395921759504,0.7958152637772699,0,48,4383.330553533112,0.41920405443006026,0.644589770228631,48,2,0,device_620,368753.1943090952,24,MEDIUM,False
621,33,driver,14,30193.488237611717,19759.106087573076,0.0,46,0.5736534696690888,0.9640766125862266,0,81,1463.637487968376,0.34569454708525504,0.8515800764949144,46,0,1,device_621,270354.6520880465,24,MEDIUM,False
622,39,small_business_owner,86,68162.19473621942,50839.70305505166,338129.8598080997,94,0.5904129189201281,0.6434483678642811,1,97,3144.7239003124732,0.44051534140123116,0.5125497227451006,94,0,2,device_622,619307.4725594433,18,LOW,False
623,26,informal_worker,35,36421.62991966372,18831.624955065847,143282.68739838598,6,0.4278434957965715,0.5,1,100,1129.8974973039508,0.5808671261340256,0.04883235921234738,7,2,4,device_623,258318.68036094907,6,HIGH,False
624,52,salaried,88,110876.00639585839,55379.98442135103,508954.2774241804,92,0.9336499788820901,0.451969565597725,0,94,3534.8926226394274,0.0,0.5934976835662671,92,1,0,device_624,826649.9741565678,24,LOW,False
625,28,freelancer,8,63686.567130836025,39781.58895726275,400533.4722004333,41,0.5846839945469166,0.6443322537459275,3,89,2681.9048735233314,0.4027699515378664,0.5994136376121733,41,1,1,device_625,378983.68344806344,12,MEDIUM,False
626,42,small_shop_owner,87,55540.531923599716,44280.706347549065,442595.73271955404,49,0.490181361622185,0.8415132992172243,0,84,3162.907596253505,0.46123957873696697,0.304983454784368,49,0,1,device_626,531313.3850075257,6,LOW,False
627,36,online_seller,3,75970.58945197114,43648.17875651525,512001.6612112519,45,0.5272278996921914,0.5354777633432491,1,98,2672.337474888689,0.6119178970034028,0.9181633535240104,46,2,0,device_627,599171.6627457768,12,MEDIUM,False
628,26,driver,34,31043.009038415643,12569.819257503696,172658.59241350787,13,0.6635733042587102,0.6565834226693978,4,92,819.7708211415453,0.37450228031608307,0.8318510588379991,45,0,3,device_628,344767.5410454524,12,MEDIUM,False
629,45,small_business_owner,69,144450.8977789831,114804.58793127787,633887.9586827625,29,0.6830180027822801,0.9514275999063222,0,82,8400.335702288625,0.28467442295001744,0.8003355683305134,29,1,1,device_629,534068.8280151403,6,LOW,False
630,32,informal_worker,3,23936.2899456838,14939.88190305569,105026.30454344611,21,0.2554652205003449,0.6724501662785036,1,66,1358.1710820959718,0.6722179356167157,0.25499093705207077,27,0,5,device_630,162258.67735710507,24,HIGH,False
631,53,salaried,29,143390.1403627654,91959.41669076726,0.0,17,0.8968738585845755,0.8459895905557199,0,61,9045.188526960716,0.1746497998045478,0.640997331276569,17,0,0,device_631,954793.8041751055,36,LOW,False
632,30,freelancer,59,85245.14604543636,36740.17366622024,253669.92931419553,53,0.3930336373987533,0.6827737095772949,0,89,2476.8656404193416,0.5176414128494069,0.7948728006754266,53,0,4,device_632,402737.65870969,12,MEDIUM,False
633,52,small_shop_owner,58,89635.50334880961,40571.56413361535,0.0,87,0.6384209221649462,0.7823112371627274,0,29,8394.116717299728,0.3907959606557864,0.417226763541663,87,0,4,device_633,670581.1858998945,18,LOW,False
634,27,online_seller,36,37002.21697470076,18615.668258568898,0.0,28,0.5371095351229616,0.6639105932125613,1,64,1745.2188992408342,0.44669665022071225,1.0,34,1,1,device_634,75390.20202037918,24,MEDIUM,False
635,22,driver,38,38710.47172709124,24608.583832013097,0.0,11,0.6579579546556561,0.5,1,49,3013.2959794301755,0.3038789358030228,0.7110188496157867,11,1,1,device_635,171227.9566032956,36,MEDIUM,False
636,36,small_business_owner,43,189195.35926805672,108125.25440235382,1365777.4968118947,47,0.85371378108818,0.77429514309298,0,97,6688.160066124979,0.1999669658343104,0.4125652632113992,48,0,2,device_636,1135586.6742001346,6,LOW,False
637,44,informal_worker,22,44227.2757656521,25465.932926407513,104494.96792363228,23,0.32395562372433817,0.5474491483173521,2,81,1886.365401956112,0.7804157116032749,0.21823512315689736,33,0,2,device_637,179934.70786759467,12,HIGH,False
638,45,salaried,76,135996.5051062859,79057.47413112342,864753.9254162072,14,1.0,0.8383206610850507,0,36,13176.24568852057,0.0,0.5855588975001826,39,0,5,device_638,440466.2495204465,36,LOW,False
639,42,freelancer,38,103439.4921114009,65319.99727729009,0.0,8,0.5084729938500138,0.5,3,38,10313.683780624751,0.45105949433056736,0.5034330230818318,8,0,2,device_639,1112314.9416068387,12,MEDIUM,False
640,39,small_shop_owner,78,36317.87618183484,25629.09643585669,0.0,63,0.4653214337884565,0.7267305874219886,0,92,1671.4628110341318,0.5146100443740106,0.3392956214705011,63,1,2,device_640,161435.68250452116,6,MEDIUM,False
641,29,online_seller,8,42404.65658748677,31770.172583541014,0.0,16,0.594176064964948,0.6350297447126662,5,80,2382.762943765576,0.276873928062654,0.9047630288313342,58,0,4,device_641,285398.2335049051,24,MEDIUM,False
642,48,driver,32,51599.9005415839,27843.201797071604,243712.49820610427,41,0.7111620001112711,0.7570652004246405,0,94,1777.2256466215917,0.24579523000865736,0.9012709516472549,55,1,1,device_642,162049.6412665339,12,LOW,False
643,46,small_business_owner,57,141195.6751397244,62272.068557829865,0.0,45,0.6292168721766065,0.6074385643318638,1,63,5930.673195983797,0.35082266058702555,0.6094250359379011,45,0,0,device_643,637730.6484284743,36,LOW,False
644,32,informal_worker,25,19140.828268136902,12812.040336481019,106745.11411447405,12,0.025470044632761535,0.5,1,22,3494.192819040278,0.9561468973352262,0.09246885939312886,15,0,2,device_644,82530.63532495129,36,HIGH,False
645,41,salaried,111,137476.95252391038,96410.57627271452,0.0,65,0.7425658282268037,0.33631730539199994,0,97,5963.540800374093,0.2412627401551358,0.7095105266290739,65,0,1,device_645,657032.6158467096,12,LOW,False
646,41,freelancer,44,73073.32601391271,31353.78115322492,0.0,8,0.5970886912013352,0.5,4,88,2137.757805901699,0.26024638771763003,0.8748665760198412,35,1,2,device_646,264244.8829761188,6,MEDIUM,False
647,36,small_shop_owner,89,52351.90635652232,37536.35207708809,0.0,81,0.4828168699527475,0.8342942448783425,0,75,3002.9081661670475,0.5354001928184626,0.5337816451855412,81,0,2,device_647,623824.1515918609,24,LOW,False
648,21,online_seller,47,77773.53463658033,34269.338388346245,0.0,36,0.2597072678098455,0.7193264915680886,0,81,2538.46951024787,0.8899684107892019,0.938373798328057,53,0,1,device_648,583531.3485995429,24,LOW,False
649,47,driver,53,59201.57086963464,26316.62142455725,0.0,47,0.5037771027478952,0.9169651462249088,0,74,2133.780115504642,0.4666541255063512,0.7062194790742921,47,1,0,device_649,624933.3373571155,18,LOW,False
650,37,small_business_owner,34,195511.49283650014,130434.33675707872,0.0,60,0.6779946492628305,0.6977085627917449,2,89,8793.326073510925,0.4524888270691025,0.6202764362014004,60,1,1,device_650,1909817.5929035768,18,MEDIUM,False
651,18,informal_worker,34,25897.385356865318,16684.57439714379,0.0,3,0.288651460916337,0.5,0,68,1472.1683291597462,0.7300592490961723,0.25826369205162597,44,0,3,device_651,152578.23112479367,12,HIGH,False
652,35,salaried,76,79253.05834497459,44947.77563008866,297273.39735724573,58,0.899293709544917,0.694814471006671,0,74,3644.4142402774587,0.0,0.471460328399775,58,1,2,device_652,633371.1324522605,36,LOW,False
653,39,freelancer,33,115537.89395790294,73459.24180895044,0.0,42,0.42030133311861223,0.9524282156443209,0,55,8013.73547006732,0.6384044203408412,0.8009822986706809,46,0,3,device_653,593725.4056072083,24,MEDIUM,False
654,54,small_shop_owner,82,58081.01096724528,27604.153859360926,0.0,83,0.6677969970896528,0.783256473250867,0,67,2472.013778450232,0.39168844025007166,0.30801821612860053,83,1,2,device_654,688627.9929144867,36,LOW,False
655,29,online_seller,39,43184.28113026151,25919.117353404297,0.0,25,0.5200450588800808,0.6274480237156711,2,70,2221.638630291797,0.4397473151759342,1.0,50,1,1,device_655,455562.06122299784,12,MEDIUM,False
656,43,driver,13,43799.2261900359,21226.38055884862,0.0,17,0.5334798000034712,0.6937019628744214,3,40,3183.957083827293,0.35895515163904007,0.6504874568188552,17,1,2,device_656,261310.0374901071,12,MEDIUM,False
657,55,small_business_owner,67,186763.14980022155,130803.56073912997,0.0,94,0.6142557570452782,0.7926437449359076,0,26,30185.43709364538,0.4560696257643165,0.3339337301696222,94,0,2,device_657,1784913.9542000487,24,LOW,False
658,18,informal_worker,6,22824.25281578329,15362.94832793979,0.0,4,0.2939920807103311,0.5,5,96,960.1842704962369,0.7185046383688374,0.01862778006810814,30,0,3,device_658,273593.97199441143,6,HIGH,False
659,32,salaried,71,147483.78847589612,67416.89564457689,0.0,22,0.9356629616101603,0.7944449178198638,0,69,5862.3387517023375,0.0,0.6677128212856912,28,0,4,device_659,1247589.7404865562,36,LOW,False
660,31,freelancer,51,60167.89276498399,47048.63777568307,294830.2447736164,44,0.5976506589063164,0.7243223722593449,0,42,6721.233967954724,0.4779008671465339,0.8313754716033128,44,0,0,device_660,123998.52463939617,24,LOW,False
661,40,small_shop_owner,96,73223.08978502513,38321.8778726821,531683.948092222,78,0.6001803506356413,0.5296187079689971,2,24,9580.469468170524,0.4520717260085977,0.3020293915105089,78,2,1,device_661,246538.5366948643,36,LOW,False
662,27,online_seller,42,79385.18624641962,53353.62055411751,0.0,13,0.6554620628487319,0.8409317466543788,0,66,4850.32914128341,0.289818758263019,0.7622965726641069,18,0,0,device_662,817777.686169144,6,MEDIUM,False
663,24,driver,23,27267.02698338206,18965.061861479877,0.0,28,0.7004152361376481,0.8842538183974057,0,70,1625.5767309839896,0.3587565365405506,0.6854061235235568,28,0,1,device_663,74758.72508083812,36,LOW,False
664,30,small_business_owner,118,176011.57395315863,127201.08400318737,369489.954917295,114,0.7246730451086931,0.9037172032102708,0,31,24619.5646457782,0.3074854089285825,0.6174762078713806,114,0,3,device_664,1260840.9899905436,18,LOW,False
665,53,informal_worker,23,29042.521805629403,23075.51260188553,0.0,11,0.43908335481766436,0.5,2,55,2517.3286474784218,0.6039511289994414,0.34908916861919526,17,0,0,device_665,229920.58984923747,36,HIGH,False
666,39,salaried,75,77269.87947462857,51099.23785229063,179434.81039046872,85,0.9447696266395013,0.7272426764390686,0,42,7299.891121755804,0.0,0.8297009395890351,85,0,0,device_666,483826.5468163948,36,LOW,False
667,24,freelancer,38,88445.62191151442,59430.96042741638,0.0,24,0.4729729632325391,0.7613541302144803,0,34,10487.816546014654,0.6240758827287989,0.6112603055949068,54,1,5,device_667,776714.0484584124,36,MEDIUM,False
668,44,small_shop_owner,68,77850.73030362556,53710.442687177856,0.0,60,0.6813636148642236,0.837261770366631,0,51,6318.875610256218,0.31274173178388104,0.4070551546012755,60,0,2,device_668,577373.3300828523,18,MEDIUM,False
669,34,online_seller,46,86134.42745791879,65981.61628610124,0.0,32,0.5265420970380813,0.7182059078745258,0,23,17212.595552895975,0.5391477735938834,0.8416478893077456,33,2,2,device_669,237146.5392663364,6,LOW,False
670,34,driver,46,44518.14366678457,22746.559989779085,0.0,17,0.4440218430789911,0.86219174723156,0,49,2785.2930599729493,0.7755871128506905,0.44478453329196505,54,3,0,device_670,205258.38037724877,18,MEDIUM,False
671,41,small_business_owner,90,147386.4099256956,63771.385283272866,414490.6113325349,92,0.6745100384511155,0.8945535247960736,0,53,7219.402107540324,0.21842332092986672,0.48235185445496165,92,0,4,device_671,389388.2419979223,18,LOW,False
672,39,informal_worker,5,21459.915825861943,14780.813807048256,0.0,17,0.3307735268828421,0.5014050662834382,4,80,1108.5610355286192,0.6246469417344762,0.12444164947558196,23,2,1,device_672,140573.5444677002,18,HIGH,False
673,43,salaried,58,126238.60398813715,50891.574357580124,0.0,35,0.822918636938591,0.8152370711448264,0,44,6939.760139670017,0.29650281136280815,0.8951653094536138,35,0,3,device_673,382527.20087993983,12,LOW,False
674,29,freelancer,22,66954.14999712307,46953.59832675071,252155.2877477388,19,0.5110418046946119,0.686393779386823,2,51,5523.952744323613,0.5712570545057203,0.8062312760845842,56,1,3,device_674,478686.9221334401,36,MEDIUM,False
675,34,small_shop_owner,27,68829.03370101808,31683.18300152577,0.0,22,0.6836219569051355,0.8857061867208716,0,83,2290.3505784235495,0.2462855798780118,0.4648868983127272,42,1,2,device_675,246572.6228363131,6,LOW,False
676,37,online_seller,5,68530.12715629843,30758.662650395087,0.0,33,0.45120821663589816,0.6723208929014642,0,60,3075.8662650395086,0.5938730169972818,0.9814529095361731,34,2,1,device_676,361290.84547131154,36,MEDIUM,False
677,37,driver,17,34052.408282306256,19996.403153274376,115720.31919576396,35,0.693354161047253,0.7751965766416257,0,48,2499.550394159297,0.26808266285819504,0.9970269034483095,51,0,2,device_677,323503.04757483886,36,MEDIUM,False
678,46,small_business_owner,78,54242.73924364696,24671.07196381267,0.0,85,0.5883549144815952,0.7538210048470789,0,24,6167.767990953167,0.3459615386489618,0.4382527400056158,85,0,3,device_678,404489.7425187631,18,LOW,False
679,29,informal_worker,30,23971.929288265295,13032.71273123731,0.0,3,0.31756737124917794,0.5,2,78,1002.5163639413315,0.6237476553959482,0.0,23,0,2,device_679,163334.13827436595,6,HIGH,False
680,31,salaried,72,72255.67281254141,36138.61841820105,379790.8081654885,86,0.9305085404706753,0.6828429101624233,2,66,3285.328947109186,0.1257825255578332,0.6838832677308625,86,5,8,device_80,572616.3836147167,18,LOW,True
681,30,freelancer,21,40202.20398655272,17707.479780177997,0.0,23,0.4872800616017557,0.7309808289722558,0,98,1084.1314151129386,0.4090870187144281,0.8912903245895885,24,0,1,device_681,222107.30400591102,18,LOW,False
682,55,small_shop_owner,38,44544.53058013859,23173.688416388566,0.0,65,0.4806624231456684,0.5433530372615685,2,67,2075.2556790795734,0.5946266850037101,0.22460271023702968,65,0,3,device_682,319229.93267760455,24,MEDIUM,False
683,25,online_seller,39,45754.084186027045,27956.011175343665,0.0,11,0.6483735511395647,0.5,1,49,3423.1850418788163,0.3283354281114108,1.0,55,0,1,device_683,530675.7378960426,6,MEDIUM,False
684,47,driver,21,43203.147816204204,30743.161353483625,0.0,38,0.7032433728710317,0.34266132529055865,3,68,2712.631884130908,0.17317748597832572,0.5883115896482226,38,1,1,device_684,412651.863797878,12,MEDIUM,False
685,53,small_business_owner,43,170562.79614561226,75998.5644990689,0.0,84,0.6370766236612581,0.9659037517764629,0,42,10856.937785581273,0.2546045316721369,0.6965025269354627,84,0,2,device_685,523500.8896207865,24,LOW,False
686,51,informal_worker,35,29813.96687147238,21622.52309677199,0.0,23,0.44547495353705885,0.8447755086220161,0,82,1582.1358363491702,0.6514453686408415,0.1999087276516566,23,0,1,device_686,210624.08390905036,18,MEDIUM,False
687,43,salaried,30,138380.1513024,107354.263476039,632588.6749145376,62,0.8639507661329329,0.4189502176742405,4,40,16103.13952140585,0.0,0.8911979686057512,62,0,0,device_687,511844.4822892168,12,LOW,False
688,37,freelancer,59,62823.81767121826,25590.62025868537,410496.520415364,46,0.5955388571179852,0.550859410787404,1,62,2476.5116379372935,0.21088390979805227,0.9742254572722964,46,1,4,device_688,752753.6510242075,18,MEDIUM,False
689,44,small_shop_owner,56,35192.7564942082,24361.35894098115,0.0,14,0.5578969654137504,0.5562268550224599,4,64,2283.877400716983,0.2815239485880897,0.2785430039122411,58,0,0,device_689,394470.73610246676,36,MEDIUM,False
690,38,online_seller,44,54077.24295084973,22164.229786208423,0.0,44,0.5485730822405442,0.8367416201685498,0,56,2374.738905665188,0.4549038192187826,1.0,44,1,1,device_690,635038.6016857092,18,LOW,False
691,37,driver,55,25601.054673182934,10343.751873529074,0.0,31,0.635177711115688,0.8254218143357179,0,68,912.6839888408006,0.3257813702421487,0.8006090992370523,42,0,4,device_691,301371.2395207489,18,LOW,False
692,60,small_business_owner,42,137318.20562297542,55120.1237480943,0.0,45,0.7540384047773664,0.906358459379501,0,63,5249.5355950566,0.19392129619868853,0.45021444202763405,45,0,0,device_692,332807.0560707371,36,LOW,False
693,22,informal_worker,6,35218.3334721907,23024.900355333913,0.0,5,0.06442965098726419,0.5,5,60,2302.490035533391,1.0,0.0390423561940301,23,0,5,device_693,85323.1022897339,18,HIGH,False
694,44,salaried,106,112807.93170222493,81065.97063384335,420695.2398852446,62,0.8433186682197661,0.8072944885084922,0,76,6399.9450500402645,0.17826992758379365,0.8699389580951551,62,2,2,device_694,1297912.0777820074,18,LOW,False
695,38,freelancer,34,90031.810390433,66240.75552949215,690267.3430666003,32,0.5516163022926469,0.8227128465118791,0,22,18065.660598952403,0.31995511586440806,0.8300050680968493,32,1,1,device_695,332973.1373388315,12,LOW,False
696,33,small_shop_owner,38,40846.82017221233,19685.24672758721,0.0,33,0.5549259722697248,0.3722864368697785,4,32,3690.983761422602,0.3777326037742879,0.42116717450583896,33,0,2,device_696,216859.27420872176,24,MEDIUM,False
697,20,online_seller,28,67971.20642540447,28994.2438257781,0.0,36,0.5138769807085628,0.7112709171387531,0,30,5798.84876515562,0.36187293559949846,1.0,36,0,5,device_697,737785.8231460624,18,LOW,False
698,24,driver,47,27327.177831116827,12158.110185424377,0.0,27,0.5725730077595945,0.693211889313016,2,51,1430.3659041675737,0.48496266469241806,0.5742284304295989,50,1,3,device_698,141772.95090049392,18,MEDIUM,False
699,34,small_business_owner,40,57690.54986947299,36036.575815693584,0.0,91,0.5770504842291911,0.9806300614535756,0,23,9400.845864963543,0.5446218650206036,0.533241398416912,91,1,1,device_699,386839.0704028586,18,LOW,False
700,38,informal_worker,31,17796.417776780956,13163.203241389894,0.0,14,0.3018280085758821,0.7002843329316518,0,89,887.4069600937007,0.6781486578851152,0.3732496340812427,20,1,1,device_700,36447.03243061482,36,MEDIUM,False
701,55,salaried,113,105820.23232399912,63685.87371670173,793525.8260886018,81,1.0,0.7851776237139312,0,96,3980.367107293858,0.020351036041491702,0.5568342060563555,81,0,1,device_701,701096.0162231921,36,LOW,False
702,42,freelancer,46,65078.02319472813,35412.28757930365,0.0,40,0.5953035365097759,0.7939876846084157,0,64,3319.9019605597173,0.49707424875462186,1.0,40,0,1,device_702,411519.407827028,36,MEDIUM,False
703,33,small_shop_owner,68,80509.51547887872,53916.789749484065,0.0,51,0.7054892412551746,0.7715849687360888,0,53,6103.787518809517,0.17384245337040344,0.33551498421881704,51,0,1,device_703,374970.15082831687,18,LOW,False
704,36,online_seller,11,36638.130719087094,17387.19424776596,237437.9004408788,25,0.5204997291482865,0.5400142110017702,1,88,1185.4905168931339,0.5744299206892451,0.9233965177040135,25,5,11,device_4,159158.14448752132,24,MEDIUM,True
705,37,driver,25,43638.020441478206,17478.48713153558,0.0,3,0.6627042692014901,0.5,1,57,1839.840750687956,0.2378398061653628,0.4941366656659203,41,0,1,device_705,451811.6357599551,12,MEDIUM,False
706,47,small_business_owner,71,142368.88281520782,109753.06200235138,0.0,48,0.7661728735021597,0.981551867979157,0,91,7236.465626528662,0.24652403450581906,0.673800608115444,48,0,0,device_706,566126.7035194592,24,LOW,False
707,42,informal_worker,25,29388.958685985803,19767.42506006635,118560.09362273227,7,0.31654915641331405,0.5,3,74,1602.7641940594337,0.7800648096727908,0.0,43,0,2,device_707,208630.03579642638,12,HIGH,False
708,50,salaried,102,137672.42533346615,102228.60977098318,0.0,115,1.0,0.9171856400276649,0,54,11358.73441899813,0.0,0.6875382338554173,115,1,2,device_708,868322.8699490483,36,LOW,False
709,35,freelancer,18,80136.23873410793,59872.30030554411,470034.9736621379,60,0.4732682976832191,0.8973155654957514,0,37,9709.021671169314,0.4399036291367848,0.6053407436478152,60,0,1,device_709,838210.0656286447,6,MEDIUM,False
710,56,small_shop_owner,46,79682.13662172234,39750.07354290452,0.0,91,0.717499536225158,0.8413880414186837,0,61,3909.8432993020847,0.5036408213678623,0.5933697753156167,91,0,1,device_710,503085.4855414485,12,LOW,False
711,37,online_seller,4,61217.5689283084,29021.16914367526,0.0,14,0.6387898818933715,0.7744222788705671,0,56,3109.410979679492,0.28939024205605235,0.7867047735411441,20,1,10,device_11,254048.15052234306,12,LOW,True
712,45,driver,6,26301.135081737608,20617.216116227697,191313.2426964864,17,0.569322954799748,0.6523935990091346,3,21,5890.633176065056,0.5191212889384258,0.4915476452570898,34,1,3,device_712,257368.65832908032,12,MEDIUM,False
713,39,small_business_owner,87,178312.423194677,124657.91698354676,0.0,71,0.4992639147740947,0.7644441326380865,0,24,31164.47924588669,0.5745000052318934,0.7922075097185453,71,1,3,device_713,1106753.5372066086,6,MEDIUM,False
714,27,informal_worker,4,39985.29278600513,26514.701995094325,0.0,8,0.4299871243530604,0.5,3,29,5485.800412778137,0.4986087012691941,0.02279675531257322,37,0,1,device_714,268401.5643700753,24,HIGH,False
715,53,salaried,56,62409.35271328151,35672.436617315994,0.0,116,0.9273614581165706,0.805349595201503,0,21,10192.12474780457,0.09526776860777308,0.7023368520714327,116,1,2,device_715,290537.7581134039,12,LOW,False
716,36,freelancer,21,75634.69402288241,58321.376455768426,0.0,53,0.4149434610496566,0.6664282793005932,1,45,7776.18352743579,0.49639262202988355,0.8135875885222246,53,1,5,device_716,567010.3603332972,6,MEDIUM,False
717,41,small_shop_owner,72,60684.52996459982,30823.69849851787,0.0,61,0.5873634001943862,0.8279360215580843,0,59,3134.613406628936,0.3760679013183683,0.5654038069111568,61,1,1,device_717,676785.3637454095,12,LOW,False
718,21,online_seller,38,58298.39005456072,34061.73789107997,204659.7816094622,36,0.3922771629080499,0.5626468024672027,2,81,2523.091695635553,0.6514883999827751,0.9144284135845736,43,1,2,device_718,318908.5319121005,18,MEDIUM,False
719,50,driver,9,43838.846122066796,31615.34555395568,192795.83187518117,45,0.5941769737602216,0.8241921061948119,0,34,5579.17862716865,0.42500026960419224,0.5726122682381337,45,0,2,device_719,187090.8477892743,24,MEDIUM,False
720,35,small_business_owner,59,118382.38826361543,72821.16570661381,791304.3418799579,98,0.7046211603670917,0.7290209167277476,0,51,8567.195965483977,0.29342735935773817,0.6958435221319118,98,0,0,device_720,1354500.9374180231,6,LOW,False
721,48,informal_worker,10,20091.40249184732,15433.330018367238,0.0,11,0.25649473997641403,0.5,3,51,1815.6858845137926,0.5957050344931676,0.18068386178236326,13,0,0,device_721,69908.98705653439,24,HIGH,False
722,44,salaried,67,94033.93367046677,53524.65842000556,0.0,109,0.7923993362285204,0.8339833906803661,0,27,11894.368537779013,0.28079707751091126,0.9517269883187305,109,0,1,device_722,219624.88595146112,12,LOW,False
723,25,freelancer,14,78636.26905733325,50394.97483516997,371446.10519635025,37,0.5816569023971034,0.7837044482171579,0,91,3322.7455935276903,0.4179950127455764,0.9882117256006481,53,2,3,device_723,664553.1011522075,18,LOW,False
724,56,small_shop_owner,36,65661.10019366095,45153.73504499375,0.0,14,0.7237464591733538,0.6076642950624196,1,65,4168.037081076346,0.2979090146644668,0.7091033400591877,49,1,1,device_724,177635.7946539925,12,LOW,False
725,21,online_seller,34,84096.31450032184,56774.19680095828,0.0,48,0.6120711753105179,0.6000539399211244,2,57,5976.231242206134,0.49129165823823373,0.6423466267210853,48,1,4,device_725,832081.2276547936,24,MEDIUM,False
726,27,driver,40,31277.367574259315,16151.112541759676,0.0,25,0.6790087899635433,0.8223256757250691,0,79,1226.6667753235197,0.3198011277270339,0.6643231509018221,25,0,2,device_726,102945.20292052676,36,MEDIUM,False
727,47,small_business_owner,44,191900.32900085716,115094.49145370196,0.0,32,0.7999631043593483,0.78549014743833,0,77,8968.401931457296,0.1038225427547203,0.43271301954347785,32,1,1,device_727,1452475.625022756,18,LOW,False
728,47,informal_worker,1,38611.699619710984,22619.327694047173,0.0,24,0.2438949147977732,0.8174455867360813,0,68,1995.8230318276917,0.6876054701895876,0.12232921020048258,49,0,1,device_728,446555.02049260563,12,MEDIUM,False
729,44,salaried,70,131016.65845935243,100071.86321215131,0.0,111,0.817067962563863,0.8323740281836568,0,61,9843.134086441112,0.16221586852673292,0.5938633163472229,111,0,3,device_729,365250.9538131078,6,LOW,False
730,39,freelancer,58,62152.135179275014,29652.891139835116,338638.03064258356,30,0.41863354248624474,0.7361463758675162,0,83,2143.5824920362734,0.6275738831035069,0.7981451092636453,52,0,3,device_730,492521.7615820601,36,MEDIUM,False
731,46,small_shop_owner,53,76732.00628860327,55683.21682542673,0.0,64,0.6291051901026363,0.5363330857595487,3,34,9826.450028016481,0.3923230590711768,0.19919144407966402,64,0,2,device_731,722515.3496754463,36,MEDIUM,False
732,21,online_seller,11,78539.80894113914,51172.1596658837,0.0,14,0.4662176938832219,0.6334738908793827,2,45,6822.954622117827,0.5811159736722749,0.9455294327222838,14,1,1,device_732,386147.85899378965,24,MEDIUM,False
733,23,driver,42,29313.94669828086,18632.40112259423,0.0,44,0.5573486745220252,0.6977234401320107,0,82,1363.346423604456,0.2721305647003731,0.5185467080421315,44,1,2,device_733,80355.1486692673,36,MEDIUM,False
734,38,small_business_owner,30,55211.32188834904,25107.466111613863,338202.9467148864,70,0.46201857175696376,0.4055576497821307,3,29,5194.648161023558,0.4018139251966731,0.3295369857382316,70,0,1,device_734,496341.56180253805,12,MEDIUM,False
735,23,informal_worker,30,28687.201321600063,13078.743640977438,157793.73891581676,20,0.18340258143195387,0.78627747210933,0,91,862.334745558952,0.7636738485157449,0.0,50,0,1,device_735,311199.6437779715,24,MEDIUM,False
736,50,salaried,114,125141.57071573069,62926.92139924608,0.0,19,1.0,0.5804270034973217,3,54,6991.880155471787,0.0,0.3769617830583172,36,2,2,device_736,567524.7681138124,6,LOW,False
737,31,freelancer,10,113518.34604003189,80116.67169170185,0.0,19,0.5635245536603957,0.5580805033520058,2,32,15021.875942194098,0.41827140323103873,0.9128725065611328,19,1,3,device_737,1198901.558173722,12,MEDIUM,False
738,40,small_shop_owner,36,47694.978185327986,28112.176525623396,0.0,79,0.6944214840251814,0.6614892001509083,1,92,1833.4028168884822,0.3860727733385533,0.4273923675498094,79,0,0,device_738,112555.29739850397,12,MEDIUM,False
739,37,online_seller,29,88209.86488554032,66835.83988500747,0.0,9,0.3748244083210117,0.5,0,93,4311.989670000482,0.738058866373333,0.9576257789914758,25,0,4,device_739,422381.9854949945,24,HIGH,False
740,35,driver,12,28272.232655439642,21686.30868861268,0.0,13,0.5830511834997819,0.47805010100221956,6,90,1445.7539125741787,0.16928066089721586,0.8545186648110432,28,0,3,device_740,274023.300834353,36,HIGH,False
741,35,small_business_owner,92,158409.09170669405,76306.77171182589,0.0,100,0.7124376122300929,0.805425763750793,0,65,7043.702004168543,0.31205211794118,0.6621754080844299,100,0,0,device_741,633986.3492028571,18,LOW,False
742,38,informal_worker,24,18396.619498003478,9453.639881392908,0.0,13,0.25165309800225,0.8662046236202392,0,75,756.2911905114327,0.7123500598553375,0.22458860953901444,55,0,2,device_742,205249.49244113782,18,HIGH,False
743,43,salaried,93,104814.42480560456,44993.69227722641,0.0,39,1.0,0.7093821370189995,0,90,2999.579485148427,0.21711928610624953,0.6700504488720376,50,0,4,device_743,1019347.9765203929,18,LOW,False
744,36,freelancer,34,61237.85799981191,31253.90564941679,251333.27196406235,31,0.5308718394193841,0.9386417902746288,0,24,7813.476412354197,0.5698399429218532,0.7732437620587591,31,2,2,device_744,372943.29303042736,36,MEDIUM,False
745,36,small_shop_owner,50,63818.58114771427,27406.717658142075,0.0,12,0.6377229586594846,0.5,1,48,3425.8397072677594,0.25903054374370516,0.22344525528203937,16,10,11,device_45,531226.4407361554,18,LOW,True
746,28,online_seller,38,71506.79910491823,44705.52177923039,0.0,35,0.5145298055668059,0.7605378851786714,0,93,2884.227211563251,0.4305985602983673,0.8222574139719937,35,3,15,device_46,727212.2630455468,6,LOW,True
747,33,driver,15,28867.54729296915,13705.266851638668,151618.4873393021,11,0.6862543091092962,0.5,1,94,874.8042671258725,0.43001049675932307,0.519308405050029,18,4,7,device_47,177486.53497922377,12,MEDIUM,True
748,39,small_business_owner,35,115031.46542057017,60223.288548919256,0.0,97,0.8852290954070885,0.6817159367141711,2,47,7688.079389223735,0.07528569423250236,0.7711187171331808,97,1,1,device_748,410241.5248141051,6,MEDIUM,False
749,48,informal_worker,12,34181.72657709005,15990.487338710482,0.0,15,0.27572711317871695,0.6807242231279077,0,93,1031.6443444329343,0.7545624130755763,0.24030581794203104,55,0,2,device_749,365882.9684566446,6,HIGH,False
750,34,salaried,28,75338.98816919964,31052.389821341985,0.0,105,1.0,0.7331526251772982,0,68,2739.9167489419397,0.07661775976212186,0.6759324935101548,105,0,2,device_750,574006.3216816011,6,LOW,False
751,32,freelancer,28,74670.46784919527,38713.78422003488,0.0,58,0.5483841125026462,0.828470702704142,0,35,6636.648723434551,0.43950834425829843,0.9174210237488636,58,0,6,device_751,794999.8589420028,12,LOW,False
752,28,small_shop_owner,93,85930.40796817878,38465.88980303373,0.0,92,0.571481155325634,0.8624152084124316,0,59,3911.7854036983454,0.3632921943640345,0.5290498839125081,92,0,2,device_752,173342.96261206904,6,LOW,False
753,38,online_seller,12,36836.642268828604,17754.024341507255,0.0,23,0.5802971873587284,0.6937297396000789,2,48,2219.253042688407,0.4378489189893355,0.9176253866845768,23,1,0,device_753,351140.2879151272,6,MEDIUM,False
754,34,driver,34,39887.434601503934,29152.13357211441,0.0,41,0.6434546021577828,0.8481269228082173,0,31,5642.348433312466,0.40676640241291795,0.7856054690345399,41,0,2,device_754,458259.40678046935,24,MEDIUM,False
755,42,small_business_owner,42,59117.17529441051,35473.80688000148,0.0,40,0.6695332166244343,0.8432870899205109,0,80,2660.535516000111,0.22414091472243786,0.5159168145428696,40,0,5,device_755,383941.9297000964,6,LOW,False
756,34,informal_worker,6,35680.164666002485,25233.47564104887,0.0,12,0.22815160148388836,0.5,0,36,4205.579273508145,0.8501949633485851,0.30623993294860996,51,1,2,device_756,303206.730892925,12,HIGH,False
757,31,salaried,86,67569.90893787172,44692.49871580001,0.0,62,0.889867097718191,0.6844939659580775,1,45,5958.999828773334,0.054290885433055755,0.5822023119605142,62,1,0,device_757,168142.0582773484,36,LOW,False
758,38,freelancer,21,110235.32511996849,69773.25339601128,873220.529429413,21,0.5053040784270447,0.941077753645111,0,75,5581.860271680902,0.3717076100443012,0.6817677249047128,23,1,3,device_758,422077.4468100248,36,MEDIUM,False
759,54,small_shop_owner,66,42874.058927766855,23390.03534671394,0.0,58,0.47149120301334735,0.9335130698795188,0,61,2300.6592144308793,0.49575285464975466,0.37697489566453246,58,1,6,device_759,284182.40655872115,36,MEDIUM,False
760,29,online_seller,13,99247.93670305412,67747.81797148532,0.0,25,0.5914362084178789,0.6461900438448305,3,76,5348.511945117262,0.41296638733830204,0.9700348123303967,42,0,1,device_760,1028724.9064997066,12,MEDIUM,False
761,48,driver,20,53507.7788845686,27911.16177918336,0.0,15,0.5192200093246924,0.827376852723503,0,39,4294.024889105132,0.7122532211293997,0.5882503726604764,51,0,2,device_761,128686.57553861506,6,MEDIUM,False
762,31,small_business_owner,55,141900.2794609219,88238.1726941811,0.0,103,0.6726847753480097,0.9463672166355228,0,56,9454.089931519404,0.3811655403158946,0.808416470027669,103,1,2,device_762,1237308.200138949,18,LOW,False
763,25,informal_worker,20,17983.847923565696,12278.731245839756,0.0,14,0.4329534243970524,0.8173169842881961,0,62,1188.2643141135247,0.5767954695053172,0.3995084897318075,16,0,2,device_763,112297.24095535425,36,MEDIUM,False
764,42,salaried,90,73101.0982787251,40940.98805799372,538340.4412155721,108,0.8531827484399157,0.7403892350782428,0,81,3032.665782073609,0.15248791644401086,0.6844725467405702,108,1,1,device_764,229773.64856497096,12,LOW,False
765,43,freelancer,7,99224.38326047854,41281.97039987088,0.0,30,0.42658408276290544,0.9294017921897448,0,87,2847.0324413704056,0.46462367937772886,0.5929021744834791,30,2,5,device_765,409648.63127110526,18,LOW,False
766,46,small_shop_owner,37,39428.41072253315,22267.562390643972,96217.31233921394,91,0.5722381300863482,0.830168313380957,0,79,1691.2072701754917,0.31973516393558254,0.27821804966999036,91,0,3,device_766,215280.07394165077,6,LOW,False
767,28,online_seller,45,61584.378574867755,25859.704180075387,0.0,45,0.5902197824912352,0.7630404893649128,0,33,4701.7643963773435,0.3586542717218121,1.0,45,1,1,device_767,265521.8904305186,18,LOW,False
768,42,driver,30,38795.96591042272,22833.259524110632,0.0,17,0.6480112206147861,0.36012300118263607,2,85,1611.759495819574,0.3189650682827892,0.4343860033244181,48,0,4,device_768,266899.8114113676,6,HIGH,False
769,45,small_business_owner,100,166109.25604191743,82354.62896745179,1196721.623696427,92,0.733984738896533,0.45690423301638566,1,45,10980.61719566024,0.09870685985289296,0.6553949271056562,92,0,2,device_769,542224.1774529165,24,MEDIUM,False
770,19,informal_worker,3,37824.22624293232,21288.865797732455,0.0,7,0.2546627579370162,0.5,3,59,2164.9694031592326,0.8107850733539945,0.1635907116033457,24,0,2,device_770,448229.8825903741,24,HIGH,False
771,30,salaried,26,140035.69158668368,66312.26203875322,0.0,56,0.8535598218590089,0.6969637098472702,3,65,6121.1318805002975,0.15719267818407096,0.6853577681652319,56,0,3,device_771,1655990.3365717407,18,LOW,False
772,38,freelancer,23,54461.59354407225,37771.59822279442,433978.4133023321,57,0.41861863580710706,0.8560762107477629,0,52,4358.261333399356,0.8647705873866371,0.7286772888215837,59,0,4,device_772,388837.540090871,24,MEDIUM,False
773,29,small_shop_owner,83,73978.73590675055,49630.561211090695,457693.7288399463,47,0.7099463771395653,0.7541792428291606,0,63,4726.720115341971,0.3397756467047715,0.3939944188718351,60,1,3,device_773,394131.8619751745,24,LOW,False
774,22,online_seller,27,49366.895952535735,37109.542777489485,0.0,36,0.46802849771326105,0.6795953541483809,1,98,2272.0128231116014,0.436961045372174,1.0,58,1,4,device_774,533779.3296343042,12,MEDIUM,False
775,40,driver,15,46521.853003067925,22673.60197067178,0.0,30,0.6686093020875935,0.6505627723913634,3,97,1402.490843546708,0.2366376238151953,0.5039012966095855,30,0,1,device_775,160914.0868023742,24,LOW,False
776,36,small_business_owner,107,132955.6765984402,79696.01928466573,0.0,41,0.5815048058773924,0.8254309032384362,0,45,10626.135904622097,0.3937035915483067,0.5233713486596424,58,1,0,device_776,1218822.7821162252,12,LOW,False
777,51,informal_worker,9,18306.987261636983,9852.42793846282,0.0,13,0.24626374106866,0.7928038665831494,0,38,1555.6465165993927,0.7998693302348822,0.27834452624248873,44,1,1,device_777,106723.6964550897,36,HIGH,False
778,35,salaried,32,78328.37770109497,49305.100651366345,0.0,83,0.9024107168287895,0.2962756661989057,1,35,8452.30296880566,0.14001434193809584,0.6114678081699265,83,0,2,device_778,887170.6775201082,18,LOW,False
779,26,freelancer,52,111561.69948399479,72001.59829317934,0.0,7,0.4455725567075462,0.5,0,72,6000.133191098278,0.4466530497994195,0.6077763540696763,29,2,4,device_779,402244.4213096786,18,MEDIUM,False
780,45,small_shop_owner,31,72220.51842739376,30678.555062445295,529266.7905263611,36,0.5632885829927688,0.6173154798201163,2,43,4280.728613364459,0.4073576235785094,0.1791613954775541,36,0,0,device_780,860436.6020480572,36,MEDIUM,False
781,39,online_seller,39,47089.57745648344,28954.593452142206,218444.9911199644,42,0.5625508874482188,0.23748261490677314,0,49,3545.460422711291,0.4742843129358783,1.0,42,0,2,device_781,310192.61989995505,6,MEDIUM,False
782,44,driver,55,59353.94875655095,43584.94287569875,381726.4331420752,33,0.8009523992698855,0.3111593289313772,6,97,2695.9758479813654,0.16248006725745368,0.47057861045878413,33,1,3,device_782,615464.1505852727,18,MEDIUM,False
783,42,small_business_owner,86,93490.56404935668,64716.41523376174,728548.5061091234,84,0.662694065561799,0.5768670847143098,4,44,8824.965713694783,0.26193516995202637,0.35799476456925905,84,0,2,device_783,202808.47517124953,6,MEDIUM,False
784,18,informal_worker,18,30662.85710744367,17090.84064357105,85583.46652149307,13,0.18958545433360807,0.46814553935169656,3,45,2278.7787524761397,0.9554364830497628,0.11423962658759997,51,0,1,device_784,165145.84697718135,12,HIGH,False
785,54,salaried,80,80175.50490722116,50651.857570272325,0.0,90,0.77505235114581,0.7676350955893977,0,61,4982.149924944819,0.3469947611728623,0.4508193392224116,90,2,1,device_785,851326.065135534,24,LOW,False
786,35,freelancer,31,80323.04061030058,59193.47963142661,297786.83255023585,55,0.5819768069475488,0.8111883207659885,0,68,5222.954085125877,0.3445256829267246,0.8154609562886131,55,0,0,device_786,497928.5912841586,18,LOW,False
787,30,small_shop_owner,78,45682.811133257,31765.84673031335,0.0,25,0.41937767846601026,0.6409876459999967,1,25,7623.803215275204,0.5870992004959529,0.3249770978177906,59,0,3,device_787,125784.93319747553,12,MEDIUM,False
788,32,online_seller,5,96264.71090504668,56522.499944123,0.0,38,0.5734359690728983,0.7715381667452449,0,100,3391.34999664738,0.35099634705421184,0.9472492900049435,38,0,1,device_788,389962.3309164349,12,MEDIUM,False
789,34,driver,25,50041.94629210363,30156.35405620068,0.0,21,0.6291807267219263,0.8431978160569028,0,74,2445.1097883405955,0.35204011046245987,0.6969480244703737,21,0,0,device_789,490798.01544957474,36,MEDIUM,False
790,52,small_business_owner,90,104567.90773985857,72723.30128305839,0.0,42,0.7095027885272073,0.8437581823316435,0,77,5666.750749329225,0.3722964213985264,0.6270137308216628,42,0,0,device_790,661606.2913922416,36,LOW,False
791,55,informal_worker,35,18811.59750714012,10066.129179230025,0.0,4,0.5894684130473333,0.5,0,61,990.1110668095107,0.42249138241015255,0.1382192901135298,31,1,1,device_791,102532.77574603359,6,HIGH,False
792,43,salaried,115,72379.69003276258,37655.73433498235,0.0,37,0.7266429771578546,0.38585659954894974,5,31,7288.206645480454,0.2233073378576668,0.9363580675560647,37,1,2,device_792,385224.80589947914,18,LOW,False
793,44,freelancer,56,72905.81574586156,33911.311263201525,0.0,16,0.35317373130379526,0.48431822962386367,2,35,5813.367645120262,0.8673113409040198,0.9997453144951759,16,0,6,device_793,436435.32777759363,6,MEDIUM,False
794,51,small_shop_owner,22,76706.81424323113,32254.894483143333,0.0,79,0.4943418564422766,0.7776549921363413,0,85,2276.8160811630587,0.3386287429821383,0.2772996722887381,79,0,1,device_794,587116.5580748636,12,LOW,False
795,32,online_seller,5,65277.60458777755,48272.85299995486,0.0,13,0.659988327355347,0.856750389803075,0,92,3148.229543475317,0.4011859333110935,1.0,58,0,1,device_795,705774.4349054765,12,MEDIUM,False
796,26,driver,17,35647.158134725134,19481.92971165557,209343.31883500415,48,0.6325318083410504,0.7432976503978719,0,59,1981.2131910158207,0.41120545907691647,0.764197622386541,48,0,1,device_796,127829.9982090578,24,MEDIUM,False
797,35,small_business_owner,39,146252.97619621997,66884.99820812652,0.0,40,0.7623235896638817,0.8528778675266573,0,20,20065.499462437954,0.015237999475231412,0.5897695541214673,42,1,1,device_797,1273453.2206681685,18,LOW,False
798,49,informal_worker,32,22089.780528283736,10175.530498368416,0.0,17,0.26786288981478085,0.7866951624256656,0,97,629.414257631036,0.708571770133699,0.21250180264626378,59,5,5,device_98,192164.8197411629,24,MEDIUM,True
799,43,salaried,108,102290.09172372957,50937.971669782586,0.0,72,0.8087321239304133,0.7624191976133915,0,76,4021.4188160354674,0.2191918861916867,0.5237079825105617,72,1,2,device_799,515014.45874188544,36,LOW,False
800,29,freelancer,41,84724.90302122013,40207.2334603085,0.0,23,0.4310344495099056,0.752373974229207,0,91,2651.0263819983625,0.4972016367290403,0.8635468682799783,55,2,2,device_800,927220.7422201191,12,LOW,False
801,37,small_shop_owner,19,38144.880999164656,15802.270946380728,0.0,95,0.7389792579761827,0.9507805033589889,0,38,2495.095412586431,0.3045093760601758,0.3262350081015696,95,5,4,device_1,388817.9288994077,6,LOW,True
802,39,online_seller,22,79746.70721599847,63780.11072851496,0.0,24,0.7199145581523202,0.6066114697110454,2,26,14718.487091195762,0.21538286181781413,0.781520428949033,24,0,1,device_802,511590.0366424094,24,MEDIUM,False
803,27,driver,49,43521.65345612985,22606.691933282294,0.0,21,0.6097689977247278,0.14844820724033492,0,96,1412.9182458301434,0.4298937961974179,0.47502877150065503,39,2,2,device_803,138258.07094500554,36,MEDIUM,False
804,44,small_business_owner,119,76378.68219742888,30874.314043823706,0.0,98,0.7077885726980674,0.8000148487734206,0,24,7718.5785109559265,0.021454857934721794,0.6572027371732374,98,0,1,device_804,342596.0525574011,18,LOW,False
805,42,informal_worker,5,26361.19072696132,17260.24240240847,0.0,24,0.32034820034522876,0.8255492500543611,0,90,1150.6828268272313,0.6512007692208491,0.3956382799738944,24,1,0,device_805,292122.5745225447,18,HIGH,False
806,28,salaried,112,108195.7550068048,80528.02450143767,0.0,47,1.0,0.8973160383197211,0,72,6710.6687084531395,0.0,0.8544096427202982,47,1,3,device_806,711726.445246881,12,LOW,False
807,41,freelancer,9,70063.59218304457,28511.56405126416,0.0,12,0.3422193594740353,0.5,4,100,1710.6938430758494,0.8575306498439321,0.8771419299002724,36,0,2,device_807,502366.27203637175,6,MEDIUM,False
808,46,small_shop_owner,66,45817.753876977375,35254.061439403704,0.0,89,0.670007269632624,0.7697731103294378,0,53,3991.025823328721,0.27705817800044286,0.5449220518613944,89,0,2,device_808,175297.41186186366,36,LOW,False
809,31,online_seller,11,73161.14866498724,29280.677378326738,0.0,42,0.5375699061121502,0.530320580550156,2,86,2042.8379566274468,0.39109900385982865,0.9990366296358761,49,3,6,device_809,755753.0139057422,24,MEDIUM,False
810,27,driver,45,49417.218799143244,35295.78978572435,0.0,17,0.540753295952366,0.755808056426415,0,44,4813.062243507867,0.33216982516467997,0.5981585199746736,17,0,2,device_810,397117.71918984555,6,MEDIUM,False
811,50,small_business_owner,39,189683.7138768347,77515.33655928841,0.0,118,0.734672401624195,0.6242711560891285,1,98,4745.836932201331,0.4136108850143957,0.5637483053230093,118,5,8,device_11,1718357.4146367416,24,LOW,True
812,40,informal_worker,36,26809.902421669223,14960.360254357654,144379.57829623527,20,0.379039107653547,0.8021811336530403,0,45,1994.7147005810207,0.6731790519378137,0.41263433358560303,47,4,3,device_12,284629.24744142767,18,MEDIUM,True
813,27,salaried,63,96148.06594908377,45643.442213290466,0.0,50,0.898880082854023,0.719219300031748,0,61,4489.518906225292,0.1982589060887313,0.7665108531313329,52,1,2,device_813,205184.60154552408,6,LOW,False
814,32,freelancer,27,60139.55714260243,35280.098366765975,0.0,31,0.5692234885468258,0.5421637875742618,2,98,2160.00602245506,0.6267449096487625,0.8469862540540425,31,1,3,device_814,561631.8815658537,12,MEDIUM,False
815,49,small_shop_owner,73,52050.10190302679,36391.18797502753,0.0,72,0.4844910224831981,0.7937226235785754,0,37,5901.27372568014,0.45295741184860105,0.46809835965693175,72,0,2,device_815,461382.45811447466,12,LOW,False
816,37,online_seller,24,95453.09374735114,59761.17828884061,0.0,32,0.45498474699481284,0.6407048393561029,4,72,4980.098190736718,0.5501356440625836,0.7657476852143144,50,0,2,device_816,488162.158990905,6,MEDIUM,False
817,31,driver,42,44817.168822750085,22192.102467637957,0.0,46,0.5628409528931573,0.6908127826089705,1,88,1513.0978955207697,0.48851118403231625,0.8883336840404179,46,0,2,device_817,460776.60294373054,12,LOW,False
818,40,small_business_owner,69,144482.5555506799,100607.11358631255,0.0,32,0.7271225614199156,0.5958648490607268,0,55,10975.321482143188,0.30596379168677557,0.8518175711080282,56,1,1,device_818,1176181.8937773975,6,LOW,False
819,42,informal_worker,35,39452.2197204783,29250.668342541663,0.0,5,0.3963254376589038,0.5,0,69,2543.5363776123186,0.7335080113186379,0.036878274783144815,14,0,1,device_819,239646.8483898207,36,HIGH,False
820,50,salaried,120,96683.8500448963,39696.62939431101,0.0,51,0.8566649444915474,0.7224562801741342,0,60,3969.6629394311008,0.237654385856232,0.7668921665687954,51,1,1,device_820,475698.1750698648,6,LOW,False
821,24,freelancer,37,97956.83386011294,57409.510551840736,0.0,21,0.5219238917490338,0.9638084596447709,0,58,5938.91488467318,0.490021775591545,0.9783792458140921,21,0,4,device_821,838362.5326480333,36,MEDIUM,False
822,35,small_shop_owner,59,50638.91504008863,33501.565238644595,0.0,16,0.5733787049593508,0.7965659315098519,0,31,6484.173917157018,0.508229399452043,0.5764516084257182,31,1,0,device_822,510802.5328251106,36,MEDIUM,False
823,35,online_seller,35,37135.23347463991,15785.765758665526,152001.94994165673,12,0.5410664134528954,0.5,6,81,1169.3159821233724,0.3984616998835568,1.0,49,4,12,device_23,150912.66554384504,36,MEDIUM,True
824,32,driver,15,35109.7893166071,16963.47805533411,0.0,9,0.6627568233053912,0.5,1,86,1183.4984689767984,0.3443856747382893,0.5680107083980528,46,1,1,device_824,172416.76062934034,12,MEDIUM,False
825,31,small_business_owner,82,101196.38607348401,79605.73200602848,0.0,73,0.7644064922957222,0.7820869401172821,0,86,5553.888279490359,0.30379283762969234,0.7562599278981895,73,1,2,device_825,559381.7108010796,6,LOW,False
826,20,informal_worker,6,31389.287141378973,21377.85561357976,0.0,10,0.3753213446416157,0.5,4,25,5130.685347259142,0.5972902440409423,0.4581753693138896,10,0,3,device_826,197234.6748397796,36,HIGH,False
827,48,salaried,63,121019.8213718326,68121.88401728288,0.0,14,0.8969421075234628,0.8017062321414524,0,59,6927.649222096564,0.07774389753050659,0.942800206931294,43,0,2,device_827,1378654.69827824,12,LOW,False
828,28,freelancer,24,55615.50514207404,25433.99363613591,0.0,23,0.5471869947876675,0.5322410600063188,2,76,2007.9468660107298,0.30488223059399355,0.6620858958805199,45,0,2,device_828,565940.3475853022,6,MEDIUM,False
829,38,small_shop_owner,47,69040.72959290969,29145.978402495686,393403.60080870066,26,0.6046936298415228,0.5214346929477591,3,99,1766.422933484587,0.4923949590672931,0.3183911172971754,38,0,0,device_829,662591.9322862504,36,MEDIUM,False
830,37,online_seller,25,95101.87865217136,42525.99616449165,0.0,38,0.6169884490215741,0.788958512088036,0,38,6714.630973340787,0.2985438246491009,0.9592602014690444,48,0,4,device_830,474257.83714473183,18,LOW,False
831,27,driver,10,25998.14728689524,12594.08375272859,0.0,22,0.5537669232554916,0.8269357194195118,0,63,1199.4365478789132,0.3660497180525312,0.6141641069572139,37,1,1,device_831,281373.0331481214,24,LOW,False
832,30,small_business_owner,84,110261.78081374677,47232.0858415434,728283.491752094,110,0.6224620970327392,0.8275859678517064,0,69,4107.137899264643,0.44712124096282574,0.48608727256298734,110,2,2,device_832,1048625.8795170826,6,LOW,False
833,29,informal_worker,29,27110.209728720838,18572.24200861255,0.0,19,0.11335518472365244,0.6691754879025168,1,62,1797.3137427689562,1.0,0.17447412028988246,55,0,4,device_833,85950.6108838832,12,HIGH,False
834,46,salaried,92,65760.00744771482,29887.338865808666,0.0,22,0.7211339742367326,0.9061309866884503,0,79,2269.9244708209117,0.20914919428164383,0.4975534397706244,39,0,3,device_834,734423.0800124148,12,LOW,False
835,44,freelancer,35,119741.00679891273,52635.862011171266,0.0,12,0.5090613601724776,0.5,2,79,3997.6604059117417,0.40554661007545056,1.0,33,0,1,device_835,1388186.1153186008,12,MEDIUM,False
836,37,small_shop_owner,90,45990.15061877503,33315.561473603055,0.0,45,0.740904596641209,0.7761515483567825,0,70,2855.619554880262,0.07978005311337594,0.3927520481898484,45,0,2,device_836,156849.26623076719,18,LOW,False
837,30,online_seller,32,33739.16703541574,21705.048733079362,212290.8632260256,34,0.521287014377013,0.9302945563221674,0,80,1627.878654980952,0.5138221147906605,1.0,34,0,1,device_837,256668.41761420175,18,MEDIUM,False
838,49,driver,16,50576.68056486548,26281.265957213433,0.0,21,0.6365802310714547,0.6455898599185259,6,97,1625.645316941037,0.3190673274485053,0.5803339635563249,39,0,2,device_838,325794.2763330941,12,MEDIUM,False
839,42,small_business_owner,115,73691.95586326522,56128.61846180943,0.0,37,0.5982050553864849,0.8221262526652263,0,29,11612.817612788158,0.4012908575911622,0.5335171961358456,53,0,3,device_839,204028.78362398365,18,LOW,False
840,43,informal_worker,27,24773.043589301054,10256.908204562762,0.0,7,0.3838177219599438,0.5,4,90,683.7938803041841,0.41728537126547194,0.20456355200637152,13,0,2,device_840,136069.634546369,24,MEDIUM,False
841,35,salaried,50,63361.647133423154,38023.69213183433,0.0,116,0.9020501729367668,0.6009240145267017,2,75,3041.8953705467466,0.07692863287358345,0.6227764155458907,116,0,1,device_841,250801.27072130484,24,LOW,False
842,32,freelancer,40,59701.257918462856,46161.3678003936,390105.02225340204,50,0.45709233490295736,0.6888264168031984,2,29,9550.627820771091,0.5763547356028911,0.8358467627095644,50,1,1,device_842,644368.6075676663,36,MEDIUM,False
843,35,small_shop_owner,87,53116.3027092628,29068.079164859435,0.0,88,0.5992291348517755,0.7640503653613686,0,91,1916.5766482324902,0.3590443286159851,0.3874883897880158,88,0,1,device_843,572380.4138785107,24,MEDIUM,False
844,32,online_seller,7,71253.68645653834,32551.732486296423,253403.0225008156,41,0.5027307722276428,0.49902063807227237,2,96,2034.4832803935265,0.37262987791844093,0.7787020893960978,52,0,4,device_844,538326.8399832075,24,MEDIUM,False
845,42,driver,48,34285.72295421466,22869.239231213753,142934.79887408437,6,0.7883157169133468,0.5,2,37,3708.525280737365,0.2727523055078994,0.6522295279526968,59,0,4,device_845,354848.34344183665,36,MEDIUM,False
846,50,small_business_owner,24,148620.70532842304,111176.78902004646,1093039.458410574,120,0.6653136012075389,0.6063062132685615,3,39,17104.121387699455,0.2507574451216132,0.8513878181414065,120,2,0,device_846,999122.6970991156,36,LOW,False
847,54,informal_worker,29,15878.81115016112,9667.3277447141,67957.13163969835,6,0.22844872338772512,0.5,0,60,966.73277447141,0.7670945866697266,0.04095260149534377,22,1,7,device_847,101806.81112065857,36,HIGH,False
848,46,salaried,62,132811.66880400275,92742.45898080764,0.0,67,1.0,0.7578915664555749,0,64,8694.605529450717,0.10525504945983398,0.6646192803199483,67,1,3,device_848,411182.0981737348,36,LOW,False
849,38,freelancer,31,111635.62510133663,85834.38709600535,324886.4273253882,60,0.6359385223230745,0.44428892358810645,4,57,9035.198641684774,0.44297358002594556,0.7916380732814206,60,2,4,device_49,293788.94145860214,18,MEDIUM,True
850,31,small_shop_owner,12,49726.34160467479,37305.828357243794,0.0,83,0.6489824954846498,0.8216727487541015,0,65,3443.6149252840423,0.27466344580776375,0.16221309839052142,83,0,7,device_850,395483.3141847503,18,LOW,False
851,27,online_seller,30,78309.19435558244,62014.71627412805,0.0,47,0.6437026731408845,0.8046471875657272,0,100,3720.8829764476827,0.11997942075499243,0.8892483392823953,47,0,0,device_851,766283.1655171765,24,MEDIUM,False
852,35,driver,40,36490.92957398623,15274.356037742364,0.0,16,0.7923264921065661,0.9086018464906448,0,80,1145.5767028306773,0.15528919086209433,0.407853384834221,16,0,2,device_852,210550.41186343346,12,LOW,False
853,56,small_business_owner,70,126006.76458991974,69584.26868603828,938894.5709932182,77,0.7995624342255772,0.7194643800059366,0,36,11597.378114339714,0.20956475559118018,0.20462415457301913,77,1,0,device_853,821386.0136346957,6,LOW,False
854,19,informal_worker,10,20772.33113661418,14833.892797437848,0.0,23,0.20385281864894933,0.6065480873005652,2,75,1186.7114237950277,0.7655839758724826,0.0,23,0,0,device_854,94037.97570025819,6,MEDIUM,False
855,50,salaried,77,77806.9184709898,50063.20360312708,0.0,70,1.0,0.6525774601947236,3,97,3096.6930063789946,0.0,0.8416715698297753,70,2,3,device_855,821757.4368814314,36,LOW,False
856,38,freelancer,33,112765.515467567,51458.6678127693,0.0,41,0.32592993936196646,0.6024601998541691,2,69,4474.666766327765,0.6471659514492253,0.827518133970835,41,1,1,device_856,937911.5871251539,12,MEDIUM,False
857,28,small_shop_owner,85,77055.72863746964,37796.84054463368,0.0,75,0.6701255639443369,0.8128316619955213,0,50,4535.620865356041,0.3617571404136162,0.42848709563801674,75,0,2,device_857,651532.3775501746,36,LOW,False
858,37,online_seller,39,39173.902039516724,21304.910634648724,154710.26065651112,26,0.5869513116316425,0.8851821134596576,0,24,5326.227658662181,0.5105822618572334,0.8058094251274287,39,1,3,device_858,156836.75329542297,24,MEDIUM,False
859,25,driver,43,43989.95711928238,29430.46367653235,0.0,33,0.4432040712647243,0.6362113781921209,0,30,5886.09273530647,0.5205686303860143,0.5288757471752517,33,2,3,device_859,387990.2988519599,36,MEDIUM,False
860,54,small_business_owner,59,100621.20425550095,77589.8597802576,0.0,83,0.8431588905214111,0.7559116735673042,0,86,5413.246031180763,0.20500249404739831,0.4040763449281569,83,1,3,device_860,852035.1631746901,36,LOW,False
861,48,informal_worker,5,44783.61054790759,18223.23888939423,0.0,21,0.26106943792464293,0.6666512260467622,1,94,1163.1854610251637,0.6875708570318227,0.24223751076287514,22,0,3,device_861,241687.48976368833,36,MEDIUM,False
862,35,salaried,92,117103.20658561322,53836.95560664628,493175.48949824495,111,0.736779666302899,0.6974393197204402,1,78,4141.304277434329,0.28552236399331726,0.2800826758845271,111,1,6,device_862,465580.034607771,24,LOW,False
863,32,freelancer,32,40519.046702442116,19237.395471409174,0.0,28,0.5327075218053308,0.7213666795883107,0,57,2024.9889969904393,0.47866824654269696,0.7908374706830368,28,0,2,device_863,377545.1420052871,12,LOW,False
864,47,small_shop_owner,84,76344.43728131658,46487.33328768529,317580.7286508748,45,0.5219311722892542,0.9227622840193317,0,80,3486.5499965763966,0.495110369470057,0.402905099123097,45,5,6,device_64,482487.3711247269,12,LOW,True
865,29,online_seller,42,33970.05967975579,19204.124822777696,153592.08505339056,4,0.6980183076881865,0.5,0,30,3840.8249645555393,0.35285802541674394,0.881209957071521,11,0,2,device_865,271715.6278400225,36,HIGH,False
866,47,driver,23,43427.44845648845,20941.383919376858,97478.97253214991,19,0.7579085771347187,0.8553103300081614,0,55,2284.5146093865665,0.13359462411723355,0.5519578155058467,20,0,2,device_866,499836.1159221956,18,MEDIUM,False
867,33,small_business_owner,101,137290.582099105,79839.29959820014,0.0,46,0.6676563046857263,0.8592231239830046,0,39,12282.969168953869,0.3706176571851189,0.7414738801500249,46,9,10,device_67,1256827.956825748,24,LOW,True
868,29,informal_worker,17,39177.880984783966,26032.201710568137,241865.0810114347,22,0.2122750430021262,0.7904694868827091,0,43,3632.400238683926,0.9475897163569849,0.09930142885145331,54,1,6,device_868,86834.5585041539,36,HIGH,False
869,35,salaried,34,130640.22551974651,65100.83869500412,0.0,30,1.0,0.7298281990922657,0,39,10015.513645385248,0.0,0.6950834947063455,56,0,2,device_869,1002584.3685789616,24,LOW,False
870,35,freelancer,55,62797.46220618492,29620.55438438781,156567.2316650502,30,0.6165616649111161,0.4862660484658637,1,76,2338.4648198200903,0.15295261782925507,0.5038988296601539,49,2,2,device_870,229627.18939793896,12,MEDIUM,False
871,50,small_shop_owner,18,56731.868662601206,32510.99402706314,228555.37462846865,94,0.5365856554727682,0.6052952053539044,3,34,5737.234240069965,0.4291425668394174,0.5841369257600686,94,0,1,device_871,612571.9610770453,12,MEDIUM,False
872,35,online_seller,22,60821.9083026334,45557.22762805981,0.0,33,0.532047016602408,0.8004534905730142,0,88,3106.174611004078,0.46430825137178816,1.0,33,0,3,device_872,187624.18760785568,24,LOW,False
873,34,driver,36,58644.77348285852,30878.163545524552,173924.7355820548,19,0.7201882252059294,0.687827198781785,2,75,2470.253083641964,0.4234319142845927,0.8360314380074576,19,0,3,device_873,405261.67039343406,18,MEDIUM,False
874,44,small_business_owner,72,63712.482367177654,29448.931081716662,0.0,110,0.6626941332336084,0.6458510220502351,3,87,2030.9607642563215,0.3790387969324356,0.7172211928291886,110,0,5,device_874,334246.6680028737,6,LOW,False
875,52,informal_worker,23,20483.21707990489,9058.848994501457,0.0,13,0.3281934303205162,0.6762163820726803,3,54,1006.5387771668286,0.717826337802488,0.13198060244459447,24,1,1,device_875,115612.76902298472,18,MEDIUM,False
876,28,salaried,56,94191.85903417083,54131.02746760475,0.0,95,0.9553655530807517,0.6317334296393298,4,79,4111.217276020614,0.17607913691694804,1.0,95,1,2,device_876,407029.96373929054,12,LOW,False
877,40,freelancer,55,43808.99027419905,20711.86374954813,0.0,18,0.31484131657094133,0.6306783608442815,3,43,2890.0274999369485,0.7179213051619001,0.8700896262550795,23,0,1,device_877,301922.7823258699,36,MEDIUM,False
878,28,small_shop_owner,20,40278.66331828621,29433.926993486428,0.0,13,0.6349747815247981,0.24378781092477592,2,87,2029.9259995507882,0.3155754210937041,0.4656928394469633,13,4,6,device_78,167358.31164187015,24,MEDIUM,True
879,29,online_seller,19,31734.18888540686,23725.07751428868,185960.6294793869,15,0.49003504885490684,0.7178446201232606,0,99,1437.8834857144655,0.40497388994321265,0.8140672810710958,15,0,4,device_879,259633.9931612501,6,MEDIUM,False
880,43,driver,59,36956.56218635672,28537.573783348897,0.0,16,0.6418365639988757,0.839262063081155,0,35,4892.155505716954,0.2765846634842671,0.7973160327337442,48,0,3,device_880,363142.86297131405,6,LOW,False
881,49,small_business_owner,40,149571.51578754242,99734.37842529334,0.0,72,0.6799746173187224,0.8386688269413595,0,92,6504.415984258261,0.20782857068633603,0.6113082703851522,72,0,2,device_881,1669444.0092845191,12,LOW,False
882,29,informal_worker,17,43669.662757246006,21528.60293800509,0.0,9,0.2852951935301953,0.5,1,29,4454.193711311398,0.741140999265623,0.049480186130106435,43,1,2,device_882,108184.5104884579,24,HIGH,False
883,33,salaried,78,131044.46646197664,55174.2734006721,0.0,100,1.0,0.6930681688465787,3,61,5426.977711541518,0.036769725322487866,0.8372432999515336,100,2,2,device_883,1303449.713193725,12,LOW,False
884,30,freelancer,55,54637.87067318956,26078.349514138117,0.0,9,0.5443892839042886,0.5,3,62,2523.7112433036887,0.5777272910961201,0.8068341046579778,9,0,0,device_884,613102.6873751235,18,MEDIUM,False
885,44,small_shop_owner,34,44741.411277310515,21752.437981050898,231055.37413414347,68,0.7400554386500802,0.6917958215877826,4,45,2900.3250641401196,0.41345673533118504,0.505827007909037,68,0,1,device_885,284285.8669792564,24,LOW,False
886,35,online_seller,9,35149.27202844014,22333.057679853373,0.0,12,0.14353968562656105,0.5,4,75,1786.64461438827,0.7450713490769841,0.8002497215755742,16,0,1,device_886,86316.95364914165,36,MEDIUM,False
887,36,driver,51,56575.396602851906,41370.38557796115,381841.2713700317,19,0.8355118573035347,0.7771212003287421,0,29,8559.39011957817,0.21278381607487326,0.5518880442781731,19,1,3,device_887,301023.6784896756,36,MEDIUM,False
888,54,small_business_owner,81,59336.55892381714,28634.463155890033,0.0,26,0.834133006954968,0.7894717186288922,0,39,4405.302023983082,0.14173550267055918,0.6237109345636863,44,0,0,device_888,445022.69990335294,6,LOW,False
889,42,informal_worker,18,32742.222386967416,24078.663417259086,0.0,4,0.3067259959524897,0.5,1,70,2063.885435765065,0.6500991515084231,0.4561323333982641,39,0,8,device_889,172789.53375281888,6,HIGH,False
890,55,salaried,86,93836.49919452185,64042.59131837275,0.0,73,0.915709865064383,0.8198362551303643,0,28,13723.41242536559,0.16687540191838796,0.5325186034978693,73,0,3,device_890,388221.4462353989,12,LOW,False
891,44,freelancer,58,93351.62166962738,37936.07094347174,0.0,55,0.5682489209260636,0.4369296020269683,1,92,2474.091583269896,0.47214512068076686,0.8042114801741824,55,8,6,device_91,524688.2508250319,18,MEDIUM,True
892,47,small_shop_owner,63,86446.02434030324,40009.2561831993,0.0,19,0.5578537702637802,0.6064075919401305,1,31,7743.727003199864,0.33351706403642695,0.4197625164620938,26,1,0,device_892,594930.1653332917,36,MEDIUM,False
893,30,online_seller,8,61543.63901990876,44867.37411828051,0.0,32,0.5796290348483435,0.6479051844116875,2,57,4722.88148613479,0.3474693929035513,0.9231336273719292,44,1,1,device_893,147795.67670084862,12,MEDIUM,False
894,23,driver,30,30836.09490190778,15528.837561241051,223668.32542241502,45,0.4896038248573391,0.7634393580840715,0,69,1350.3337009774827,0.285142823664296,0.6537579919692262,60,0,4,device_894,123987.10095212885,6,MEDIUM,False
895,41,small_business_owner,86,183440.2092686592,129595.10732965104,0.0,34,0.7203515603718548,0.6630357562562105,1,76,10231.19268391982,0.3293566337284654,0.5725922307278508,50,0,3,device_895,1557754.6008242131,12,LOW,False
896,30,informal_worker,2,22327.18404264528,12100.599993794518,0.0,23,0.41346860199275615,0.842674877452772,0,50,1452.071999255342,0.6650860299970467,0.042267866248975855,34,2,2,device_896,128938.97636119499,24,MEDIUM,False
897,42,salaried,106,88537.41756536555,60328.869017766956,0.0,51,1.0,0.6952995751701404,4,77,4700.950832553269,0.09944144200902384,0.7245807102604683,51,2,0,device_897,435144.29533442354,6,LOW,False
898,32,freelancer,56,117507.39256787133,80260.05700983905,752520.3416466573,52,0.4376159751312739,0.7557912309328773,0,35,13758.866915972409,0.375577740737964,0.7013152267137889,52,2,2,device_898,633226.0535513795,36,LOW,False
899,37,small_shop_owner,86,81647.4959116748,36095.32833960083,0.0,41,0.7272910217247424,0.721576295978393,0,24,9023.832084900207,0.3066618570156793,0.17628598935159617,50,1,4,device_899,630933.6857519774,12,LOW,False
900,20,online_seller,33,36392.93510557326,21390.229704953923,276501.5189768565,42,0.4640922683634744,0.6320696303424196,6,36,3565.038284158987,0.5668937260732937,1.0,42,0,1,device_900,124964.48514019111,12,MEDIUM,False
901,50,driver,25,38088.95907470664,22209.124340056394,0.0,9,0.6849649757147473,0.5,1,41,3250.115757081424,0.3351383746569097,0.6223160106751638,56,2,2,device_901,336344.5142697191,36,MEDIUM,False
902,56,small_business_owner,37,194339.6117052758,150314.50261824808,0.0,38,0.7766544751771164,0.8080072563492708,0,98,9202.928731729475,0.10801775948174283,0.6419732393916415,38,1,0,device_902,1852168.4584362172,6,LOW,False
903,45,informal_worker,22,36795.78580829769,26915.306961411043,0.0,23,0.3231425468312308,0.8990779471144443,0,61,2647.4072421060046,0.8685784920728992,0.03156482658847512,23,0,2,device_903,154996.85636870883,36,MEDIUM,False
904,35,salaried,51,107465.41626790624,63807.29651154449,584953.243843122,109,0.9453274042133176,0.8267846407929024,0,42,9115.328073077784,0.0,0.5912628769351754,109,1,8,device_904,898736.14752997,6,LOW,False
905,26,freelancer,54,107941.50003505449,53287.20771374321,456333.6522843979,32,0.6198997481655493,0.7527787506803882,0,67,4771.988750484467,0.31571305072361544,0.9666717822806694,38,1,2,device_905,900272.0199496177,12,LOW,False
906,30,small_shop_owner,29,84404.99654709044,66544.36103978702,0.0,24,0.6169597676394935,0.5592327572019101,0,100,3992.661662387221,0.32683085134568796,0.6489129248287314,42,0,5,device_906,356457.66990500194,24,MEDIUM,False
907,20,online_seller,34,99425.04487015509,39803.96951046978,316493.32082541886,8,0.4141989940958495,0.5,1,42,5686.28135863854,0.5253329208914095,0.6369396131435725,8,0,1,device_907,728828.617900884,36,MEDIUM,False
908,35,driver,50,44831.060113917134,30914.92295344098,0.0,33,0.6355314239257657,0.7710388994003338,0,46,4032.381254796649,0.06763173305064912,0.8024319470750615,33,2,1,device_908,125671.82002487418,18,MEDIUM,False
909,43,small_business_owner,54,69874.84343994298,52044.20484336744,0.0,46,0.8516288450556013,0.34717088323576356,3,24,13011.05121084186,0.2850458286138384,0.6469714534700298,46,0,0,device_909,547040.367894348,12,LOW,False
910,23,informal_worker,20,37836.34545496422,26799.826861340873,0.0,11,0.37213716777887584,0.5,2,91,1767.0215512972004,0.6347631822948303,0.07736276198334636,18,0,1,device_910,304994.7475686142,12,HIGH,False
911,41,salaried,36,98396.2836128755,52536.83994240223,0.0,91,0.7777637192995746,0.7993965396953168,0,89,3541.809434319251,0.28209578984486466,0.8107849058803092,91,1,3,device_911,484451.56789142767,12,LOW,False
912,42,freelancer,48,73938.97962362188,44139.28432850947,527785.3160984981,19,0.5540424002530429,0.3746730499619324,2,44,6018.993317524019,0.389845795021266,0.6052987270862514,19,0,2,device_912,518976.35258649895,12,HIGH,False
913,58,small_shop_owner,75,74528.24629311464,46121.3973921281,348843.39193138975,34,0.6609812519874753,0.5572459380313174,5,25,11069.135374110743,0.2682331232720319,0.4114869896805201,34,0,1,device_913,275306.6901560815,18,MEDIUM,False
914,33,online_seller,19,71681.49520285075,50955.59106639332,0.0,24,0.38709067113693474,0.7260568219167851,0,78,3919.6608512610246,0.6976429613984896,0.9846660752770188,24,0,1,device_914,583076.10663107,6,MEDIUM,False
915,39,driver,17,53148.18261612793,32950.19523862542,0.0,13,0.6004635373210055,0.8807980214522031,0,82,2410.989895509177,0.28531243748055013,0.6572455601553051,35,1,1,device_915,246332.99167930704,6,MEDIUM,False
916,37,small_business_owner,116,168852.64465323958,84878.74924096957,0.0,80,0.8090244283658065,0.9177886509449096,0,61,8348.72943353799,0.10577844712919611,0.6444300665032257,80,1,1,device_916,790224.3806742157,12,LOW,False
917,38,informal_worker,15,21834.308720283945,15767.494688337907,127280.77685418176,24,0.22615749940561358,0.49875069013566936,5,49,1930.7136353066826,0.7115694424940117,0.042300647296508204,24,0,3,device_917,148463.79994639702,12,HIGH,False
918,52,salaried,49,79889.83417712717,47965.7553509363,0.0,60,0.9820908521169107,0.8917989573493722,0,29,9923.949382952338,0.0,0.811331494363975,60,2,3,device_918,669976.4407101987,36,LOW,False
919,35,freelancer,15,45262.13627289157,31926.422965320256,0.0,19,0.5822342298687552,0.6402486834785418,0,78,2455.8786896400197,0.25595385309189106,0.7730797463486044,19,0,1,device_919,125180.87554870639,24,MEDIUM,False
920,57,small_shop_owner,36,56820.80841945068,34888.64032679811,0.0,92,0.6827224806873748,0.763610921080443,0,54,3876.5155918664564,0.3110347055651121,0.4345897028340865,92,0,1,device_920,676123.9490935894,18,LOW,False
921,38,online_seller,6,99712.0393031801,63809.37228858795,219284.51224158844,20,0.5302709910879931,0.8515627895235948,0,79,4846.281439639592,0.5415621632314315,0.9348203559023702,32,0,2,device_921,428497.1872140523,24,MEDIUM,False
922,32,driver,20,39811.04938343642,31570.000238285582,0.0,21,0.664219313514131,0.9015866572917317,0,98,1932.8571574460561,0.40228127804937003,0.6061476492352874,60,0,0,device_922,234153.24450181646,12,MEDIUM,False
923,47,small_business_owner,53,142713.59347474854,60934.35828265464,0.0,35,0.6459236645022778,0.9297650617810862,0,86,4251.234298789858,0.28534089206189284,0.7647353705285139,35,0,1,device_923,316612.07258644025,12,LOW,False
924,47,informal_worker,18,35711.80015781051,16362.04489608172,0.0,0,0.2705905691611366,0.5,3,51,1924.9464583625552,0.6892045008113845,0.3117780322840742,18,0,4,device_924,400646.57396576524,18,HIGH,False
925,32,salaried,99,114423.88144986528,67713.59195538137,0.0,31,1.0,0.7958670423122952,0,20,20314.07758661441,0.006131039755603671,1.0,31,1,1,device_925,687472.9190198913,6,LOW,False
926,37,freelancer,52,93579.66459405114,72663.54780597314,0.0,55,0.4210753405113803,0.5203938727715671,3,74,5891.639011295119,0.6018889650453993,0.6022585561955087,55,10,14,device_26,555314.4344042905,24,MEDIUM,True
927,34,small_shop_owner,69,48842.36721231707,26477.164318652365,142803.65088716475,75,0.6186541821202625,0.7398845926248176,0,91,1745.747097933123,0.2957373306796464,0.4166902778751234,75,1,7,device_927,321934.6499618855,6,LOW,False
928,33,online_seller,16,55822.85604644155,24687.480464055177,0.0,11,0.7257274217072145,0.5,2,50,2962.497655686621,0.35069133990634194,1.0,44,0,3,device_928,200313.45013347102,6,LOW,False
929,43,driver,25,31392.364149562945,14016.637259538207,0.0,13,0.7459253376449039,0.6956428105676125,0,93,904.299178034723,0.2150542117590706,0.6008571165829184,50,3,7,device_29,239803.79376915345,36,MEDIUM,True
930,44,small_business_owner,83,192364.56333926396,153100.88862396806,0.0,41,0.6600303509164008,0.6548364588984359,4,71,12938.1032639973,0.27294631286225546,0.9168589992471641,41,2,8,device_30,1769344.7510972854,18,MEDIUM,True
931,18,informal_worker,5,32036.716449162155,23516.566617386026,0.0,12,0.2215433007397477,0.5,2,62,2275.796769424454,0.7765330231538463,0.3300231628874986,36,0,3,device_931,226233.70799016274,6,HIGH,False
932,49,salaried,58,111254.26546680088,45334.98789842876,0.0,101,1.0,0.6837956972536668,2,89,3056.291318995197,0.0,0.8237002937037144,101,0,2,device_932,880226.8233910595,12,LOW,False
933,24,freelancer,45,101920.26503278076,52263.01298534348,0.0,27,0.5787358046694335,0.8150603752855825,0,27,11614.002885631884,0.32419741859228907,0.8390394094866457,35,1,2,device_933,592228.7734497351,18,MEDIUM,False
934,35,small_shop_owner,61,88480.10166289881,61431.39658679125,0.0,58,0.7428070811902487,0.7329428476812361,0,25,14743.535180829898,0.12422465807048841,0.21124471085426758,58,0,2,device_934,448667.03461082076,18,LOW,False
935,37,online_seller,48,81924.83316227923,63273.40066963846,0.0,7,0.5114441020037516,0.5,1,46,8253.05226125719,0.7120986414719446,1.0,11,0,1,device_935,556772.4342468278,18,MEDIUM,False
936,25,driver,47,48780.65675358093,28316.025496194565,0.0,33,0.8401913148662501,0.7929762244936082,0,94,1807.4058827358233,0.2521174143787629,0.6676155625779399,58,0,0,device_936,578916.9305959084,12,LOW,False
937,54,small_business_owner,52,105462.87619595419,73341.2903743765,0.0,65,0.6623996842937026,0.954666282879069,0,54,8149.032263819612,0.458512296701357,0.463118997386914,65,1,1,device_937,1068777.043755934,24,LOW,False
938,22,informal_worker,24,20119.30766256316,10553.593593441316,0.0,11,0.12835024228561337,0.5,0,84,753.8281138172368,0.8198964088230672,0.41038721255646016,36,1,2,device_938,235779.30980775066,6,HIGH,False
939,42,salaried,110,61182.00363389403,33147.470309965174,0.0,117,0.9519488874148012,0.6840565446580241,0,57,3489.2074010489655,0.0,0.5559329569024177,117,0,2,device_939,671924.3790596412,36,MEDIUM,False
940,43,freelancer,50,97909.68306517738,74787.87265187838,0.0,57,0.4288444505970503,0.795100181874648,0,28,16025.972711116794,0.4271434364950084,0.7693626031881033,57,1,2,device_940,258866.2959317761,24,LOW,False
941,53,small_shop_owner,34,41769.83193717988,24587.304856260394,0.0,48,0.45082606924586344,0.7673465941595704,0,29,5087.028590950426,0.6236550356738125,0.23245295371142075,48,0,0,device_941,381886.31188372726,12,LOW,False
942,24,online_seller,34,55082.60500125682,36427.01340180714,0.0,12,0.49862002472919653,0.5,1,86,2541.419539660963,0.49981117859510965,0.9093335461029808,43,0,1,device_942,346610.52785082883,6,MEDIUM,False
943,43,driver,40,55127.82114510596,22262.437535778485,0.0,11,0.7419408428753648,0.5,3,73,1829.7893865023414,0.04195355738970813,0.5368345841757252,31,0,5,device_943,659638.23924094,6,LOW,False
944,32,small_business_owner,26,111011.3580786967,68725.60907388352,0.0,53,0.7467574912482157,0.7367234199237864,0,86,4794.809935387222,0.2296444988650897,0.5265083968539056,53,0,1,device_944,1284947.0980388068,18,LOW,False
945,39,informal_worker,21,22124.30085016872,11169.865254102318,0.0,15,0.4601898791589981,0.41707099101246103,2,87,770.3355347656772,0.3437250410577126,0.2541441331587577,56,0,5,device_945,77083.30388961868,36,HIGH,False
946,34,salaried,96,138489.93679137243,84016.88647903291,0.0,28,0.9311442084629,0.7044025771240245,0,59,8544.090150410126,0.06670317696821833,0.638990292772723,28,1,2,device_946,510476.2492068161,18,LOW,False
947,33,freelancer,24,113664.52696062498,50301.7423306939,0.0,55,0.47823481092149334,0.8711236921817201,0,38,7942.380368004301,0.5310718667066626,0.9013342846857354,55,1,1,device_947,282924.44875184965,18,LOW,False
948,38,small_shop_owner,91,76520.9760150732,46437.70225156427,0.0,32,0.5687422574605309,0.5865901661261975,5,56,4975.468098381885,0.552764303098633,0.6851333184405528,32,0,1,device_948,592204.5613887322,12,MEDIUM,False
949,24,online_seller,13,83267.43224325661,51008.54638095351,200345.68689714707,18,0.5011692213288509,0.8375391026357473,0,60,5100.85463809535,0.4962469641995358,0.9212561126513873,39,0,4,device_949,289918.65568820323,12,MEDIUM,False
950,33,driver,17,27255.31689434423,18902.435738316195,0.0,16,0.6058622496705371,0.5405348232144414,3,24,4725.608934579049,0.3109406395216097,0.6891763503947204,45,1,3,device_950,135233.8817930072,18,MEDIUM,False
951,34,small_business_owner,71,143278.41282268637,100898.50385630102,0.0,81,0.7341179629003356,0.664603946766382,3,40,15134.775578445151,0.1783548272421642,0.4106321397503008,81,1,1,device_951,1706105.116950031,18,LOW,False
952,19,informal_worker,26,21241.399627988078,15940.733969776202,0.0,15,0.3725821148038797,0.8033123720863754,0,78,1226.2103053674002,0.4528209819486221,0.1726637263732192,23,2,5,device_952,175425.5207355184,12,HIGH,False
953,48,salaried,93,132862.13348234864,103649.71169206798,0.0,76,0.9847928753355282,0.8858966410799067,0,57,10910.495967586103,0.11691367906148718,0.7188337783710367,76,5,6,device_53,1152444.3183880362,18,LOW,True
954,40,freelancer,48,73081.34835028791,42178.412296992436,0.0,15,0.5947820776412467,0.783327421943393,0,76,3329.8746550257188,0.47897072870540713,0.8412873031352547,24,3,0,device_954,764403.0982612051,6,MEDIUM,False
955,30,small_shop_owner,29,38108.30434134343,25573.32111774047,151259.88185178206,82,0.7424283414273858,0.8916198216734544,0,23,6671.301161149688,0.04055556471659871,0.25668972023401715,82,0,1,device_955,446288.4512858778,36,LOW,False
956,34,online_seller,25,54696.420648613406,33847.00150373842,0.0,8,0.5704618225590462,0.5,1,97,2093.628958994129,0.3228614219724877,0.9854276232946835,44,0,2,device_956,280771.9503798917,12,MEDIUM,False
957,29,driver,56,42712.586446334855,18540.920199828895,97346.72467162325,20,0.6219975767078231,0.5129444597317433,7,30,3708.184039965779,0.43374947610136394,0.4573813622200837,37,1,3,device_957,300963.4268194142,24,MEDIUM,False
958,60,small_business_owner,35,181140.80398872748,136426.94330570815,0.0,89,0.6286287536134397,0.7954903784660925,0,82,9982.459266271328,0.27786296274380556,0.7628507863775457,89,0,2,device_958,1502669.9435909064,36,LOW,False
959,21,informal_worker,24,41913.913989328095,24017.754082600768,125682.7464564291,12,0.3851883409377045,0.5,2,74,1947.385466156819,0.6825118987936691,0.3663262128607559,26,1,4,device_959,168816.33999035202,24,HIGH,False
960,34,salaried,68,143226.56086795172,67529.61213279536,0.0,56,0.7899277800336508,0.6477228531216612,2,77,5262.0476986593785,0.14874683850134202,0.649163718148625,58,0,1,device_960,1595432.4564673263,36,LOW,False
961,45,freelancer,34,58032.16918150402,28791.448296316583,0.0,53,0.38778494385135853,0.6112655173858326,6,76,2273.0090760249936,0.6847310694889817,0.5284935316207973,53,1,2,device_961,147353.35951694398,12,LOW,False
962,55,small_shop_owner,65,52938.234441564884,34168.11914764071,0.0,29,0.6689206869649076,0.40604562646188874,2,96,2135.5074467275444,0.41816106822143884,0.5115266005501895,29,1,1,device_962,498194.2059029298,12,MEDIUM,False
963,35,online_seller,36,80172.24680370544,41679.87812305538,240370.5339621479,24,0.5188720716120464,0.8257510762259728,0,95,2632.4133551403397,0.5781912956490979,0.759011682228971,51,0,1,device_963,330001.25612442615,24,MEDIUM,False
964,35,driver,46,54086.87043140684,23774.22659215336,0.0,20,0.8502947084076287,0.8206474658834597,0,91,1567.5314236584634,0.0,0.48560656253467194,32,0,5,device_964,455808.20071235084,36,LOW,False
965,34,small_business_owner,49,144366.97152206456,102918.00134278266,0.0,47,0.5864567690969431,0.6664591396592465,0,57,10833.47382555607,0.3742380413151822,0.5662686933071152,47,0,2,device_965,1695261.2710744892,24,MEDIUM,False
966,37,informal_worker,20,42653.932695105264,24751.024249497263,0.0,15,0.3149995089907739,0.9614048106270738,0,79,1879.824626544096,0.7296379154850797,0.10396542567979793,17,5,10,device_66,511396.3240558715,6,HIGH,True
967,29,salaried,57,81345.09131687367,55068.85288816953,0.0,50,0.9491814401087962,0.53701814201549,1,80,4130.163966612715,0.08173433184295018,0.5973930954431437,50,1,2,device_967,943590.7828678903,18,LOW,False
968,37,freelancer,50,70735.1321643184,43686.36539716067,401628.0801362387,47,0.5652080237354908,0.847437431242188,0,35,7489.09121094183,0.47816521566731107,0.8918362702171665,51,2,4,device_968,585515.0626004896,18,LOW,False
969,32,small_shop_owner,88,43566.08125193943,19658.383992400777,0.0,58,0.4831509107900733,0.7039887747624723,0,92,1282.068521243529,0.5004564915343751,0.4603393516996566,58,0,5,device_969,518017.80218077445,18,LOW,False
970,35,online_seller,47,76366.01370773744,50365.70379460724,0.0,10,0.6687051150666382,0.5,0,93,3249.40024481337,0.10559834648569213,1.0,10,1,0,device_970,714967.3314444585,18,MEDIUM,False
971,23,driver,15,58483.103094847465,28631.17817421645,0.0,23,0.7015515634015093,0.6482761574776584,2,37,4642.893757981045,0.3310865373830468,0.804155604139921,25,1,0,device_971,146585.16466650146,12,LOW,False
972,41,small_business_owner,77,123438.70355834004,97129.67226102449,0.0,105,0.5455545090916445,0.8430188508092982,0,65,8965.815901017644,0.37265176186570725,0.6210763356428408,105,0,2,device_972,985662.2621744778,18,LOW,False
973,22,informal_worker,33,18992.59917518392,14743.929844786313,0.0,6,0.1555778679743259,0.5,1,43,2057.292536481811,0.9219365870868171,0.3287904434936748,51,0,2,device_973,185744.98351752432,6,HIGH,False
974,30,salaried,93,147877.40618464455,73467.86100372658,0.0,53,0.8752649072851088,0.5869997277795499,1,58,7600.123552109646,0.14516708111372323,0.5219304501575013,53,1,2,device_974,1273741.8016904173,18,LOW,False
975,40,freelancer,28,50252.39876505062,36297.022634107874,286555.5337394799,58,0.16704962024918707,0.8492625090323903,0,37,5886.003670395871,0.8056620494748501,0.6740873284010424,58,0,3,device_975,555465.3431904677,18,LOW,False
976,59,small_shop_owner,64,49405.04405314641,31771.84527285553,0.0,55,0.7909874867908997,0.8063197913695429,0,40,4765.776790928329,0.37256793104399,0.3136764680355818,55,1,1,device_976,349959.19483472046,12,LOW,False
977,27,online_seller,15,75287.59788149162,59915.77612885322,0.0,38,0.6498084172603655,0.8792453652735599,0,87,4132.12249164505,0.49786594981846355,1.0,57,1,1,device_977,459842.90253522125,36,MEDIUM,False
978,44,driver,54,44102.20036287281,33632.878374275315,0.0,10,0.7426883750554977,0.5,3,29,6958.526560194893,0.24851897585278818,0.49498236122768796,10,0,3,device_978,486206.2687680013,12,MEDIUM,False
979,45,small_business_owner,68,84328.74137352456,56416.31148230415,0.0,63,0.7084948078366629,0.6223833863698428,2,37,9148.591051184456,0.14222618010047608,0.5526364744171217,63,1,3,device_979,740557.545137307,24,LOW,False
980,51,informal_worker,22,28901.50457598959,12140.58385437562,0.0,5,0.41247999769778887,0.5,4,23,3167.1088315762486,0.5677914440012672,0.45521356106605554,50,2,0,device_980,165817.61862103257,6,MEDIUM,False
981,52,salaried,112,72495.74782931867,50965.57747856119,0.0,30,0.9333837619077364,0.9139034941375652,0,59,5182.940082565544,0.06901834086724803,0.7627137141259902,30,0,3,device_981,373208.7087373805,12,LOW,False
982,24,freelancer,33,65607.44872604412,48000.21096921485,0.0,50,0.43382686257279246,0.6808123064328443,2,34,8470.625465155561,0.48138804005813096,0.7013687624205099,50,1,1,device_982,138796.67859310764,6,MEDIUM,False
983,55,small_shop_owner,17,73452.63563354395,45446.67424269051,192040.35416984395,37,0.5073947538120734,0.4131255586233623,2,85,3208.000534778154,0.3480652625098507,0.17223670209860667,40,1,3,device_983,593571.6203288111,6,MEDIUM,False
984,28,online_seller,5,73681.99060209696,57753.5185027009,0.0,7,0.48804000198963104,0.5,1,21,16501.00528648597,0.23012956939015106,1.0,51,0,3,device_984,609655.9245265091,6,MEDIUM,False
985,41,driver,19,41839.61337896128,30971.36458393236,0.0,40,0.6874216734802479,0.8000729492531345,0,43,4321.585755897539,0.31734561598198174,0.35302329200970883,45,0,2,device_985,483878.78811848967,18,LOW,False
986,34,small_business_owner,119,143558.29539187753,105611.40544317874,0.0,59,0.766013157945084,0.5810866625411533,3,64,9901.069260298007,0.459915214082238,0.7222238069682166,59,13,6,device_86,958585.066193404,12,LOW,True
987,33,informal_worker,33,36194.29461658208,24390.937543753826,184341.8675370876,18,0.09402747731214706,0.5981548366116777,2,94,1556.8683538566272,0.861068503414605,0.33579846441129285,51,1,1,device_987,367979.6981976801,6,HIGH,False
988,47,salaried,48,134235.26494383824,91263.58740265992,1047614.4160296314,48,0.950681139766305,0.5043088218439049,5,88,6222.517322908631,0.036556242368646505,0.6723631031718929,48,0,6,device_988,640604.2530910154,6,LOW,False
989,38,freelancer,60,80272.32870755694,42668.295000413826,0.0,51,0.5742903305433599,0.8606040991009459,0,95,2694.8396842366624,0.3527523761346011,0.7387370224803025,51,1,1,device_989,631556.0028218423,24,MEDIUM,False
990,34,small_shop_owner,35,53258.73236886782,40139.416335561895,0.0,57,0.447057227996731,0.6067661581648345,5,74,3254.5472704509643,0.4736496423663855,0.4997029075393252,57,2,1,device_990,159628.9900055233,36,MEDIUM,False
991,23,online_seller,23,75558.68511858347,34580.491891257705,0.0,10,0.5821515946227557,0.5,6,86,2412.592457529607,0.4379308343446917,0.8062880930537959,11,2,4,device_991,342544.0632022956,24,MEDIUM,False
992,44,driver,24,58589.45801928516,29347.206862484614,0.0,38,0.7670930778595415,0.84555656750565,0,30,5869.441372496923,0.20080940520053936,0.5347231840951825,38,0,2,device_992,643670.7038287624,24,LOW,False
993,39,small_business_owner,82,155834.47855412558,113997.42512167848,0.0,100,0.8537854951326481,0.6392788140970938,2,76,8999.796720132512,0.2029623682810796,0.5805191035323916,100,0,7,device_993,1842367.7834124023,36,MEDIUM,False
994,45,informal_worker,13,38482.04524071083,17865.120589436585,0.0,2,0.20849162493891332,0.5,2,80,1339.8840442077437,0.8486366803775164,0.0,46,0,1,device_994,148733.32936144795,18,HIGH,False
995,46,salaried,86,68397.10605215283,39327.6198013003,146259.02566253272,98,0.8348295851781766,0.9236491355209671,0,76,3104.8120895763395,0.34025452198682615,0.5149273297338958,98,0,5,device_995,346160.4623631505,6,LOW,False
996,34,freelancer,31,83375.65159088589,43376.24632371923,0.0,50,0.17731003752194152,0.651949812556804,2,33,7886.590240676223,0.8189012923758743,0.9231450708969494,50,0,4,device_996,554522.0063621126,12,MEDIUM,False
997,40,small_shop_owner,55,62029.97789624285,33607.5827582929,0.0,37,0.7015594809751104,0.5278506142682708,0,71,2840.0774161937657,0.2704439057442366,0.41691234071151245,37,0,2,device_997,141829.02065241078,12,MEDIUM,False
998,35,online_seller,20,94528.41569769749,56700.499804825675,0.0,48,0.7265409213473181,0.5109747702448684,1,95,3581.0841981995163,0.4639590626937067,0.8662644599623772,48,0,4,device_998,867609.9461877081,24,MEDIUM,False
999,43,driver,44,58979.65905197533,26650.55818755766,0.0,28,0.9198040456817427,0.6700028382833194,3,85,1881.2158720628938,0.0,0.6548094312354289,28,1,1,device_999,130944.34806090573,12,LOW,False
1000,33,small_business_owner,39,122234.1451666019,73413.68557719454,0.0,56,0.5537366047100974,0.9159984310516592,0,49,8989.430887003415,0.4782417493458697,0.7269502826993826,56,1,0,device_1000,1302252.7722664662,12,LOW,False
